tour,event_name,course_name,event_id,date_start,date_end,last_updated,current_round,tz_offset,dg_id,player_num,player_name,am,pre_tourn_pageviews,country,dg_rank,owgr_rank,tour_rank,r1_course_code,r1_course_name,r1_course_num,r1_round_num,r1_start_hole,r1_teetime,r1_wave,r2_course_code,r2_course_name,r2_course_num,r2_round_num,r2_start_hole,r2_teetime,r2_wave,r3_course_code,r3_course_name,r3_course_num,r3_round_num,r3_start_hole,r3_teetime,r3_wave,r4_course_code,r4_course_name,r4_course_num,r4_round_num,r4_start_hole,r4_teetime,r4_wave
pga,THE PLAYERS Championship,TPC Sawgrass (THE PLAYERS Stadium Course),11,2026-03-12,2026-03-15,2026-03-09 22:30:53 UTC,1,-14400,23950,52955,"Aberg, Ludvig",0,2005,SWE,13.0,21,24,,TPC Sawgrass (THE PLAYERS Stadium Course),11,1,10,2026-03-12 08:40,early,,TPC Sawgrass (THE PLAYERS Stadium Course),11,2,1,2026-03-13 13:30,late,,,,,,,,,,,,,,
pga,THE PLAYERS Championship,TPC Sawgrass (THE PLAYERS Stadium Course),11,2026-03-12,2026-03-15,2026-03-09 22:30:53 UTC,1,-14400,19846,48001,"Bauchou, Zach",0,124,USA,161.0,172,65,,TPC Sawgrass (THE PLAYERS Stadium Course),11,1,1,2026-03-12 14:30,late,,TPC Sawgrass (THE PLAYERS Stadium Course),11,2,10,2026-03-13 09:40,early,,,,,,,,,,,,,,
pga,THE PLAYERS Championship,TPC Sawgrass (THE PLAYERS Stadium Course),11,2026-03-12,2026-03-15,2026-03-09 22:30:53 UTC,1,-14400,17606,40026,"Berger, Daniel",0,855,USA,49.0,34,13,,TPC Sawgrass (THE PLAYERS Stadium Course),11,1,10,2026-03-12 07:52,early,,TPC Sawgrass (THE PLAYERS Stadium Course),11,2,1,2026-03-13 12:42,late,,,,,,,,,,,,,,
pga,THE PLAYERS Championship,TPC Sawgrass (THE PLAYERS Stadium Course),11,2026-03-12,2026-03-15,2026-03-09 22:30:53 UTC,1,-14400,18103,45522,"Bezuidenhout, Christiaan",0,313,RSA,48.0,89,77,,TPC Sawgrass (THE PLAYERS Stadium Course),11,1,1,2026-03-12 08:04,early,,TPC Sawgrass (THE PLAYERS Stadium Course),11,2,10,2026-03-13 12:54,late,,,,,,,,,,,,,,
pga,THE PLAYERS Championship,TPC Sawgrass (THE PLAYERS Stadium Course),11,2026-03-12,2026-03-15,2026-03-09 22:30:53 UTC,1,-14400,26096,56630,"Bhatia, Akshay",0,1832,USA,17.0,19,2,,TPC Sawgrass (THE PLAYERS Stadium Course),11,1,10,2026-03-12 08:28,early,,TPC Sawgrass (THE PLAYERS Stadium Course),11,2,1,2026-03-13 13:18,late,,,,,,,,,,,,,,
pga,THE PLAYERS Championship,TPC Sawgrass (THE PLAYERS Stadium Course),11,2026-03-12,2026-03-15,2026-03-09 22:30:53 UTC,1,-14400,13872,33141,"Bradley, Keegan",0,253,USA,39.0,23,121,,TPC Sawgrass (THE PLAYERS Stadium Course),11,1,10,2026-03-12 13:18,late,,TPC Sawgrass (THE PLAYERS Stadium Course),11,2,1,2026-03-13 08:28,early,,,,,,,,,,,,,,
pga,THE PLAYERS Championship,TPC Sawgrass (THE PLAYERS Stadium Course),11,2026-03-12,2026-03-15,2026-03-09 22:30:53 UTC,1,-14400,29197,61522,"Brennan, Michael",0,188,USA,108.0,45,133,,TPC Sawgrass (THE PLAYERS Stadium Course),11,1,1,2026-03-12 09:16,early,,TPC Sawgrass (THE PLAYERS Stadium Course),11,2,10,2026-03-13 14:06,late,,,,,,,,,,,,,,
pga,THE PLAYERS Championship,TPC Sawgrass (THE PLAYERS Stadium Course),11,2026-03-12,2026-03-15,2026-03-09 22:30:53 UTC,1,-14400,29433,60004,"Bridgeman, Jacob",0,673,USA,30.0,22,3,,TPC Sawgrass (THE PLAYERS Stadium Course),11,1,1,2026-03-12 13:06,late,,TPC Sawgrass (THE PLAYERS Stadium Course),11,2,10,2026-03-13 08:16,early,,,,,,,,,,,,,,
pga,THE PLAYERS Championship,TPC Sawgrass (THE PLAYERS Stadium Course),11,2026-03-12,2026-03-15,2026-03-09 22:30:53 UTC,1,-14400,19483,47504,"Burns, Sam",0,310,USA,27.0,32,38,,TPC Sawgrass (THE PLAYERS Stadium Course),11,1,10,2026-03-12 13:54,late,,TPC Sawgrass (THE PLAYERS Stadium Course),11,2,1,2026-03-13 09:04,early,,,,,,,,,,,,,,
pga,THE PLAYERS Championship,TPC Sawgrass (THE PLAYERS Stadium Course),11,2026-03-12,2026-03-15,2026-03-09 22:30:53 UTC,1,-14400,18628,46443,"Campbell, Brian",0,122,USA,348.0,96,165,,TPC Sawgrass (THE PLAYERS Stadium Course),11,1,1,2026-03-12 14:06,late,,TPC Sawgrass (THE PLAYERS Stadium Course),11,2,10,2026-03-13 09:16,early,,,,,,,,,,,,,,
pga,THE PLAYERS Championship,TPC Sawgrass (THE PLAYERS Stadium Course),11,2026-03-12,2026-03-15,2026-03-09 22:30:53 UTC,1,-14400,15466,35450,"Cantlay, Patrick",0,444,USA,25.0,33,54,,TPC Sawgrass (THE PLAYERS Stadium Course),11,1,1,2026-03-12 08:28,early,,TPC Sawgrass (THE PLAYERS Stadium Course),11,2,10,2026-03-13 13:18,late,,,,,,,,,,,,,,
pga,THE PLAYERS Championship,TPC Sawgrass (THE PLAYERS Stadium Course),11,2026-03-12,2026-03-15,2026-03-09 22:30:53 UTC,1,-14400,27819,59440,"Castillo, Ricky",0,413,USA,61.0,95,23,,TPC Sawgrass (THE PLAYERS Stadium Course),11,1,1,2026-03-12 08:28,early,,TPC Sawgrass (THE PLAYERS Stadium Course),11,2,10,2026-03-13 13:18,late,,,,,,,,,,,,,,
pga,THE PLAYERS Championship,TPC Sawgrass (THE PLAYERS Stadium Course),11,2026-03-12,2026-03-15,2026-03-09 22:30:53 UTC,1,-14400,14502,34021,"Cauley, Bud",0,303,USA,107.0,81,74,,TPC Sawgrass (THE PLAYERS Stadium Course),11,1,1,2026-03-12 07:52,early,,TPC Sawgrass (THE PLAYERS Stadium Course),11,2,10,2026-03-13 12:42,late,,,,,,,,,,,,,,
pga,THE PLAYERS Championship,TPC Sawgrass (THE PLAYERS Stadium Course),11,2026-03-12,2026-03-15,2026-03-09 22:30:53 UTC,1,-14400,23604,51766,"Clark, Wyndham",0,346,USA,84.0,68,76,,TPC Sawgrass (THE PLAYERS Stadium Course),11,1,10,2026-03-12 13:30,late,,TPC Sawgrass (THE PLAYERS Stadium Course),11,2,1,2026-03-13 08:40,early,,,,,,,,,,,,,,
pga,THE PLAYERS Championship,TPC Sawgrass (THE PLAYERS Stadium Course),11,2026-03-12,2026-03-15,2026-03-09 22:30:53 UTC,1,-14400,21756,47591,"Cole, Eric",0,88,USA,124.0,121,100,,TPC Sawgrass (THE PLAYERS Stadium Course),11,1,10,2026-03-12 07:40,early,,TPC Sawgrass (THE PLAYERS Stadium Course),11,2,1,2026-03-13 12:30,late,,,,,,,,,,,,,,
pga,THE PLAYERS Championship,TPC Sawgrass (THE PLAYERS Stadium Course),11,2026-03-12,2026-03-15,2026-03-09 22:30:53 UTC,1,-14400,17576,39997,"Conners, Corey",0,766,CAN,55.0,39,91,,TPC Sawgrass (THE PLAYERS Stadium Course),11,1,10,2026-03-12 14:06,late,,TPC Sawgrass (THE PLAYERS Stadium Course),11,2,1,2026-03-13 09:16,early,,,,,,,,,,,,,,
pga,THE PLAYERS Championship,TPC Sawgrass (THE PLAYERS Stadium Course),11,2026-03-12,2026-03-15,2026-03-09 22:30:53 UTC,1,-14400,28309,59836,"Coody, Pierceson",0,344,USA,38.0,48,22,,TPC Sawgrass (THE PLAYERS Stadium Course),11,1,10,2026-03-12 12:54,late,,TPC Sawgrass (THE PLAYERS Stadium Course),11,2,1,2026-03-13 08:04,early,,,,,,,,,,,,,,
pga,THE PLAYERS Championship,TPC Sawgrass (THE PLAYERS Stadium Course),11,2026-03-12,2026-03-15,2026-03-09 22:30:53 UTC,1,-14400,14509,34076,"Dahmen, Joel",0,355,USA,115.0,163,51,,TPC Sawgrass (THE PLAYERS Stadium Course),11,1,1,2026-03-12 12:54,late,,TPC Sawgrass (THE PLAYERS Stadium Course),11,2,10,2026-03-13 08:04,early,,,,,,,,,,,,,,
pga,THE PLAYERS Championship,TPC Sawgrass (THE PLAYERS Stadium Course),11,2026-03-12,2026-03-15,2026-03-09 22:30:53 UTC,1,-14400,17786,45157,"Davis, Cam",0,205,AUS,,179,176,,TPC Sawgrass (THE PLAYERS Stadium Course),11,1,1,2026-03-12 08:16,early,,TPC Sawgrass (THE PLAYERS Stadium Course),11,2,10,2026-03-13 13:06,late,,,,,,,,,,,,,,
pga,THE PLAYERS Championship,TPC Sawgrass (THE PLAYERS Stadium Course),11,2026-03-12,2026-03-15,2026-03-09 22:30:53 UTC,1,-14400,9771,28089,"Day, Jason",0,356,AUS,43.0,40,40,,TPC Sawgrass (THE PLAYERS Stadium Course),11,1,10,2026-03-12 14:06,late,,TPC Sawgrass (THE PLAYERS Stadium Course),11,2,1,2026-03-13 09:16,early,,,,,,,,,,,,,,
pga,THE PLAYERS Championship,TPC Sawgrass (THE PLAYERS Stadium Course),11,2026-03-12,2026-03-15,2026-03-09 22:30:53 UTC,1,-14400,16757,37338,"Dou, Zecheng",0,145,CHN,116.0,178,66,,TPC Sawgrass (THE PLAYERS Stadium Course),11,1,1,2026-03-12 09:28,early,,TPC Sawgrass (THE PLAYERS Stadium Course),11,2,10,2026-03-13 14:18,late,,,,,,,,,,,,,,
pga,THE PLAYERS Championship,TPC Sawgrass (THE PLAYERS Stadium Course),11,2026-03-12,2026-03-15,2026-03-09 22:30:53 UTC,1,-14400,22833,51349,"Echavarria, Nico",0,255,COL,64.0,37,8,,TPC Sawgrass (THE PLAYERS Stadium Course),11,1,10,2026-03-12 14:06,late,,TPC Sawgrass (THE PLAYERS Stadium Course),11,2,1,2026-03-13 09:16,early,,,,,,,,,,,,,,
pga,THE PLAYERS Championship,TPC Sawgrass (THE PLAYERS Stadium Course),11,2026-03-12,2026-03-15,2026-03-09 22:30:53 UTC,1,-14400,14577,34099,"English, Harris",0,559,USA,19.0,16,44,,TPC Sawgrass (THE PLAYERS Stadium Course),11,1,1,2026-03-12 09:16,early,,TPC Sawgrass (THE PLAYERS Stadium Course),11,2,10,2026-03-13 14:06,late,,,,,,,,,,,,,,
pga,THE PLAYERS Championship,TPC Sawgrass (THE PLAYERS Stadium Course),11,2026-03-12,2026-03-15,2026-03-09 22:30:53 UTC,1,-14400,21883,50286,"Ewart, A.J.",0,131,CAN,236.0,296,70,,TPC Sawgrass (THE PLAYERS Stadium Course),11,1,1,2026-03-12 14:30,late,,TPC Sawgrass (THE PLAYERS Stadium Course),11,2,10,2026-03-13 09:40,early,,,,,,,,,,,,,,
pga,THE PLAYERS Championship,TPC Sawgrass (THE PLAYERS Stadium Course),11,2026-03-12,2026-03-15,2026-03-09 22:30:53 UTC,1,-14400,11676,29725,"Finau, Tony",0,204,USA,106.0,104,57,,TPC Sawgrass (THE PLAYERS Stadium Course),11,1,10,2026-03-12 08:28,early,,TPC Sawgrass (THE PLAYERS Stadium Course),11,2,1,2026-03-13 13:18,late,,,,,,,,,,,,,,
pga,THE PLAYERS Championship,TPC Sawgrass (THE PLAYERS Stadium Course),11,2026-03-12,2026-03-15,2026-03-09 22:30:53 UTC,1,-14400,26657,57123,"Fisk, Steven",0,68,USA,152.0,128,144,,TPC Sawgrass (THE PLAYERS Stadium Course),11,1,10,2026-03-12 13:42,late,,TPC Sawgrass (THE PLAYERS Stadium Course),11,2,1,2026-03-13 08:52,early,,,,,,,,,,,,,,
pga,THE PLAYERS Championship,TPC Sawgrass (THE PLAYERS Stadium Course),11,2026-03-12,2026-03-15,2026-03-09 22:30:53 UTC,1,-14400,17646,40098,"Fitzpatrick, Matt",0,1278,ENG,11.0,24,43,,TPC Sawgrass (THE PLAYERS Stadium Course),11,1,1,2026-03-12 09:04,early,,TPC Sawgrass (THE PLAYERS Stadium Course),11,2,10,2026-03-13 13:54,late,,,,,,,,,,,,,,
pga,THE PLAYERS Championship,TPC Sawgrass (THE PLAYERS Stadium Course),11,2026-03-12,2026-03-15,2026-03-09 22:30:53 UTC,1,-14400,12294,30911,"Fleetwood, Tommy",0,1157,ENG,5.0,3,18,,TPC Sawgrass (THE PLAYERS Stadium Course),11,1,10,2026-03-12 08:52,early,,TPC Sawgrass (THE PLAYERS Stadium Course),11,2,1,2026-03-13 13:42,late,,,,,,,,,,,,,,
pga,THE PLAYERS Championship,TPC Sawgrass (THE PLAYERS Stadium Course),11,2026-03-12,2026-03-15,2026-03-09 22:30:53 UTC,1,-14400,12965,32102,"Fowler, Rickie",0,1247,USA,18.0,60,27,,TPC Sawgrass (THE PLAYERS Stadium Course),11,1,1,2026-03-12 13:30,late,,TPC Sawgrass (THE PLAYERS Stadium Course),11,2,10,2026-03-13 08:40,early,,,,,,,,,,,,,,
pga,THE PLAYERS Championship,TPC Sawgrass (THE PLAYERS Stadium Course),11,2026-03-12,2026-03-15,2026-03-09 22:30:53 UTC,1,-14400,11889,29936,"Fox, Ryan",0,382,NZL,52.0,44,34,,TPC Sawgrass (THE PLAYERS Stadium Course),11,1,10,2026-03-12 13:18,late,,TPC Sawgrass (THE PLAYERS Stadium Course),11,2,1,2026-03-13 08:28,early,,,,,,,,,,,,,,
pga,THE PLAYERS Championship,TPC Sawgrass (THE PLAYERS Stadium Course),11,2026-03-12,2026-03-15,2026-03-09 22:30:53 UTC,1,-14400,29767,59018,"Gerard, Ryan",0,507,USA,35.0,27,10,,TPC Sawgrass (THE PLAYERS Stadium Course),11,1,1,2026-03-12 08:28,early,,TPC Sawgrass (THE PLAYERS Stadium Course),11,2,10,2026-03-13 13:18,late,,,,,,,,,,,,,,
pga,THE PLAYERS Championship,TPC Sawgrass (THE PLAYERS Stadium Course),11,2026-03-12,2026-03-15,2026-03-09 22:30:53 UTC,1,-14400,7399,25900,"Glover, Lucas",0,281,USA,82.0,78,119,,TPC Sawgrass (THE PLAYERS Stadium Course),11,1,1,2026-03-12 09:04,early,,TPC Sawgrass (THE PLAYERS Stadium Course),11,2,10,2026-03-13 13:54,late,,,,,,,,,,,,,,
pga,THE PLAYERS Championship,TPC Sawgrass (THE PLAYERS Stadium Course),11,2026-03-12,2026-03-15,2026-03-09 22:30:53 UTC,1,-14400,27774,59095,"Gotterup, Chris",0,1014,USA,32.0,7,4,,TPC Sawgrass (THE PLAYERS Stadium Course),11,1,1,2026-03-12 13:54,late,,TPC Sawgrass (THE PLAYERS Stadium Course),11,2,10,2026-03-13 09:04,early,,,,,,,,,,,,,,
pga,THE PLAYERS Championship,TPC Sawgrass (THE PLAYERS Stadium Course),11,2026-03-12,2026-03-15,2026-03-09 22:30:53 UTC,1,-14400,23465,51977,"Greyserman, Max",0,243,USA,54.0,54,68,,TPC Sawgrass (THE PLAYERS Stadium Course),11,1,1,2026-03-12 08:04,early,,TPC Sawgrass (THE PLAYERS Stadium Course),11,2,10,2026-03-13 12:54,late,,,,,,,,,,,,,,
pga,THE PLAYERS Championship,TPC Sawgrass (THE PLAYERS Stadium Course),11,2026-03-12,2026-03-15,2026-03-09 22:30:53 UTC,1,-14400,24968,54591,"Griffin, Ben",0,360,USA,16.0,13,60,,TPC Sawgrass (THE PLAYERS Stadium Course),11,1,1,2026-03-12 13:06,late,,TPC Sawgrass (THE PLAYERS Stadium Course),11,2,10,2026-03-13 08:16,early,,,,,,,,,,,,,,
pga,THE PLAYERS Championship,TPC Sawgrass (THE PLAYERS Stadium Course),11,2026-03-12,2026-03-15,2026-03-09 22:30:53 UTC,1,-14400,12808,31646,"Grillo, Emiliano",0,125,ARG,127.0,113,137,,TPC Sawgrass (THE PLAYERS Stadium Course),11,1,1,2026-03-12 08:04,early,,TPC Sawgrass (THE PLAYERS Stadium Course),11,2,10,2026-03-13 12:54,late,,,,,,,,,,,,,,
pga,THE PLAYERS Championship,TPC Sawgrass (THE PLAYERS Stadium Course),11,2026-03-12,2026-03-15,2026-03-09 22:30:53 UTC,1,-14400,27194,57975,"Hall, Harry",0,322,ENG,26.0,56,28,,TPC Sawgrass (THE PLAYERS Stadium Course),11,1,10,2026-03-12 13:06,late,,TPC Sawgrass (THE PLAYERS Stadium Course),11,2,1,2026-03-13 08:16,early,,,,,,,,,,,,,,
pga,THE PLAYERS Championship,TPC Sawgrass (THE PLAYERS Stadium Course),11,2026-03-12,2026-03-15,2026-03-09 22:30:53 UTC,1,-14400,8825,27644,"Harman, Brian",0,322,USA,134.0,58,93,,TPC Sawgrass (THE PLAYERS Stadium Course),11,1,1,2026-03-12 08:52,early,,TPC Sawgrass (THE PLAYERS Stadium Course),11,2,10,2026-03-13 13:42,late,,,,,,,,,,,,,,
pga,THE PLAYERS Championship,TPC Sawgrass (THE PLAYERS Stadium Course),11,2026-03-12,2026-03-15,2026-03-09 22:30:53 UTC,1,-14400,14578,34098,"Henley, Russell",0,1472,USA,4.0,6,25,,TPC Sawgrass (THE PLAYERS Stadium Course),11,1,10,2026-03-12 09:04,early,,TPC Sawgrass (THE PLAYERS Stadium Course),11,2,1,2026-03-13 13:54,late,,,,,,,,,,,,,,
pga,THE PLAYERS Championship,TPC Sawgrass (THE PLAYERS Stadium Course),11,2026-03-12,2026-03-15,2026-03-09 22:30:53 UTC,1,-14400,24342,54421,"Higgo, Garrick",0,84,RSA,114.0,74,150,,TPC Sawgrass (THE PLAYERS Stadium Course),11,1,1,2026-03-12 08:40,early,,TPC Sawgrass (THE PLAYERS Stadium Course),11,2,10,2026-03-13 13:30,late,,,,,,,,,,,,,,
pga,THE PLAYERS Championship,TPC Sawgrass (THE PLAYERS Stadium Course),11,2026-03-12,2026-03-15,2026-03-09 22:30:53 UTC,1,-14400,28469,60067,"Highsmith, Joe",0,99,USA,488.0,132,153,,TPC Sawgrass (THE PLAYERS Stadium Course),11,1,10,2026-03-12 13:42,late,,TPC Sawgrass (THE PLAYERS Stadium Course),11,2,1,2026-03-13 08:52,early,,,,,,,,,,,,,,
pga,THE PLAYERS Championship,TPC Sawgrass (THE PLAYERS Stadium Course),11,2026-03-12,2026-03-15,2026-03-09 22:30:53 UTC,1,-14400,22760,51287,"Hisatsune, Ryo",0,530,JPN,87.0,65,20,,TPC Sawgrass (THE PLAYERS Stadium Course),11,1,1,2026-03-12 12:54,late,,TPC Sawgrass (THE PLAYERS Stadium Course),11,2,10,2026-03-13 08:04,early,,,,,,,,,,,,,,
pga,THE PLAYERS Championship,TPC Sawgrass (THE PLAYERS Stadium Course),11,2026-03-12,2026-03-15,2026-03-09 22:30:53 UTC,1,-14400,25157,54628,"Hodges, Lee",0,139,USA,135.0,133,84,,TPC Sawgrass (THE PLAYERS Stadium Course),11,1,1,2026-03-12 12:30,late,,TPC Sawgrass (THE PLAYERS Stadium Course),11,2,10,2026-03-13 07:40,early,,,,,,,,,,,,,,
pga,THE PLAYERS Championship,TPC Sawgrass (THE PLAYERS Stadium Course),11,2026-03-12,2026-03-15,2026-03-09 22:30:53 UTC,1,-14400,23504,51696,"Hoey, Rico",0,122,PHI,137.0,80,114,,TPC Sawgrass (THE PLAYERS Stadium Course),11,1,10,2026-03-12 07:40,early,,TPC Sawgrass (THE PLAYERS Stadium Course),11,2,1,2026-03-13 12:30,late,,,,,,,,,,,,,,
pga,THE PLAYERS Championship,TPC Sawgrass (THE PLAYERS Stadium Course),11,2026-03-12,2026-03-15,2026-03-09 22:30:53 UTC,1,-14400,15575,35532,"Hoge, Tom",0,469,USA,162.0,98,50,,TPC Sawgrass (THE PLAYERS Stadium Course),11,1,10,2026-03-12 12:30,late,,TPC Sawgrass (THE PLAYERS Stadium Course),11,2,1,2026-03-13 07:40,early,,,,,,,,,,,,,,
pga,THE PLAYERS Championship,TPC Sawgrass (THE PLAYERS Stadium Course),11,2026-03-12,2026-03-15,2026-03-09 22:30:53 UTC,1,-14400,23602,52453,"Hojgaard, Nicolai",0,496,DEN,33.0,52,33,,TPC Sawgrass (THE PLAYERS Stadium Course),11,1,10,2026-03-12 12:30,late,,TPC Sawgrass (THE PLAYERS Stadium Course),11,2,1,2026-03-13 07:40,early,,,,,,,,,,,,,,
pga,THE PLAYERS Championship,TPC Sawgrass (THE PLAYERS Stadium Course),11,2026-03-12,2026-03-15,2026-03-09 22:30:53 UTC,1,-14400,23838,52686,"Hojgaard, Rasmus",0,232,DEN,42.0,51,61,,TPC Sawgrass (THE PLAYERS Stadium Course),11,1,10,2026-03-12 08:04,early,,TPC Sawgrass (THE PLAYERS Stadium Course),11,2,1,2026-03-13 12:54,late,,,,,,,,,,,,,,
pga,THE PLAYERS Championship,TPC Sawgrass (THE PLAYERS Stadium Course),11,2026-03-12,2026-03-15,2026-03-09 22:30:53 UTC,1,-14400,17538,39977,"Homa, Max",0,342,USA,90.0,149,75,,TPC Sawgrass (THE PLAYERS Stadium Course),11,1,10,2026-03-12 07:52,early,,TPC Sawgrass (THE PLAYERS Stadium Course),11,2,1,2026-03-13 12:42,late,,,,,,,,,,,,,,
pga,THE PLAYERS Championship,TPC Sawgrass (THE PLAYERS Stadium Course),11,2026-03-12,2026-03-15,2026-03-09 22:30:53 UTC,1,-14400,18841,46717,"Hovland, Viktor",0,1104,NOR,23.0,18,49,,TPC Sawgrass (THE PLAYERS Stadium Course),11,1,10,2026-03-12 09:04,early,,TPC Sawgrass (THE PLAYERS Stadium Course),11,2,1,2026-03-13 13:54,late,,,,,,,,,,,,,,
pga,THE PLAYERS Championship,TPC Sawgrass (THE PLAYERS Stadium Course),11,2026-03-12,2026-03-15,2026-03-09 22:30:53 UTC,1,-14400,16333,36801,"Hubbard, Mark",0,76,USA,178.0,139,116,,TPC Sawgrass (THE PLAYERS Stadium Course),11,1,1,2026-03-12 07:40,early,,TPC Sawgrass (THE PLAYERS Stadium Course),11,2,10,2026-03-13 12:30,late,,,,,,,,,,,,,,
pga,THE PLAYERS Championship,TPC Sawgrass (THE PLAYERS Stadium Course),11,2026-03-12,2026-03-15,2026-03-09 22:30:53 UTC,1,-14400,15556,35506,"Hughes, Mackenzie",0,119,CAN,103.0,110,89,,TPC Sawgrass (THE PLAYERS Stadium Course),11,1,10,2026-03-12 07:40,early,,TPC Sawgrass (THE PLAYERS Stadium Course),11,2,1,2026-03-13 12:30,late,,,,,,,,,,,,,,
pga,THE PLAYERS Championship,TPC Sawgrass (THE PLAYERS Stadium Course),11,2026-03-12,2026-03-15,2026-03-09 22:30:53 UTC,1,-14400,17488,39971,"Im, Sungjae",0,219,KOR,138.0,79,,,TPC Sawgrass (THE PLAYERS Stadium Course),11,1,10,2026-03-12 09:16,early,,TPC Sawgrass (THE PLAYERS Stadium Course),11,2,1,2026-03-13 14:06,late,,,,,,,,,,,,,,
pga,THE PLAYERS Championship,TPC Sawgrass (THE PLAYERS Stadium Course),11,2026-03-12,2026-03-15,2026-03-09 22:30:53 UTC,1,-14400,16394,36799,"Jaeger, Stephan",0,100,GER,120.0,109,62,,TPC Sawgrass (THE PLAYERS Stadium Course),11,1,10,2026-03-12 13:06,late,,TPC Sawgrass (THE PLAYERS Stadium Course),11,2,1,2026-03-13 08:16,early,,,,,,,,,,,,,,
pga,THE PLAYERS Championship,TPC Sawgrass (THE PLAYERS Stadium Course),11,2026-03-12,2026-03-15,2026-03-09 22:30:53 UTC,1,-14400,19729,47917,"Kanaya, Takumi",0,91,JPN,122.0,127,102,,TPC Sawgrass (THE PLAYERS Stadium Course),11,1,1,2026-03-12 14:18,late,,TPC Sawgrass (THE PLAYERS Stadium Course),11,2,10,2026-03-13 09:28,early,,,,,,,,,,,,,,
pga,THE PLAYERS Championship,TPC Sawgrass (THE PLAYERS Stadium Course),11,2026-03-12,2026-03-15,2026-03-09 22:30:53 UTC,1,-14400,32457,63454,"Keefer, Johnny",0,142,USA,91.0,67,113,,TPC Sawgrass (THE PLAYERS Stadium Course),11,1,10,2026-03-12 09:28,early,,TPC Sawgrass (THE PLAYERS Stadium Course),11,2,1,2026-03-13 14:18,late,,,,,,,,,,,,,,
pga,THE PLAYERS Championship,TPC Sawgrass (THE PLAYERS Stadium Course),11,2026-03-12,2026-03-15,2026-03-09 22:30:53 UTC,1,-14400,17543,39975,"Kim, Michael",0,220,USA,88.0,55,85,,TPC Sawgrass (THE PLAYERS Stadium Course),11,1,1,2026-03-12 12:42,late,,TPC Sawgrass (THE PLAYERS Stadium Course),11,2,10,2026-03-13 07:52,early,,,,,,,,,,,,,,
pga,THE PLAYERS Championship,TPC Sawgrass (THE PLAYERS Stadium Course),11,2026-03-12,2026-03-15,2026-03-09 22:30:53 UTC,1,-14400,21688,50188,"Kim, S.H.",0,72,KOR,164.0,153,71,,TPC Sawgrass (THE PLAYERS Stadium Course),11,1,10,2026-03-12 14:18,late,,TPC Sawgrass (THE PLAYERS Stadium Course),11,2,1,2026-03-13 09:28,early,,,,,,,,,,,,,,
pga,THE PLAYERS Championship,TPC Sawgrass (THE PLAYERS Stadium Course),11,2026-03-12,2026-03-15,2026-03-09 22:30:53 UTC,1,-14400,14609,37455,"Kim, Si Woo",0,1756,KOR,8.0,28,9,,TPC Sawgrass (THE PLAYERS Stadium Course),11,1,10,2026-03-12 08:40,early,,TPC Sawgrass (THE PLAYERS Stadium Course),11,2,1,2026-03-13 13:30,late,,,,,,,,,,,,,,
pga,THE PLAYERS Championship,TPC Sawgrass (THE PLAYERS Stadium Course),11,2026-03-12,2026-03-15,2026-03-09 22:30:53 UTC,1,-14400,12423,30926,"Kirk, Chris",0,128,USA,104.0,99,143,,TPC Sawgrass (THE PLAYERS Stadium Course),11,1,10,2026-03-12 13:18,late,,TPC Sawgrass (THE PLAYERS Stadium Course),11,2,1,2026-03-13 08:28,early,,,,,,,,,,,,,,
pga,THE PLAYERS Championship,TPC Sawgrass (THE PLAYERS Stadium Course),11,2026-03-12,2026-03-15,2026-03-09 22:30:53 UTC,1,-14400,21891,48117,"Kitayama, Kurt",0,541,USA,28.0,31,19,,TPC Sawgrass (THE PLAYERS Stadium Course),11,1,10,2026-03-12 13:06,late,,TPC Sawgrass (THE PLAYERS Stadium Course),11,2,1,2026-03-13 08:16,early,,,,,,,,,,,,,,
pga,THE PLAYERS Championship,TPC Sawgrass (THE PLAYERS Stadium Course),11,2026-03-12,2026-03-15,2026-03-09 22:30:53 UTC,1,-14400,13470,32757,"Kizzire, Patton",0,59,USA,193.0,230,87,,TPC Sawgrass (THE PLAYERS Stadium Course),11,1,10,2026-03-12 09:28,early,,TPC Sawgrass (THE PLAYERS Stadium Course),11,2,1,2026-03-13 14:18,late,,,,,,,,,,,,,,
pga,THE PLAYERS Championship,TPC Sawgrass (THE PLAYERS Stadium Course),11,2026-03-12,2026-03-15,2026-03-09 22:30:53 UTC,1,-14400,19396,47420,"Knapp, Jake",0,1065,USA,15.0,42,7,,TPC Sawgrass (THE PLAYERS Stadium Course),11,1,10,2026-03-12 09:16,early,,TPC Sawgrass (THE PLAYERS Stadium Course),11,2,1,2026-03-13 14:06,late,,,,,,,,,,,,,,
pga,THE PLAYERS Championship,TPC Sawgrass (THE PLAYERS Stadium Course),11,2026-03-12,2026-03-15,2026-03-09 22:30:53 UTC,1,-14400,16243,36689,"Koepka, Brooks",0,548,USA,136.0,221,95,,TPC Sawgrass (THE PLAYERS Stadium Course),11,1,10,2026-03-12 08:28,early,,TPC Sawgrass (THE PLAYERS Stadium Course),11,2,1,2026-03-13 13:18,late,,,,,,,,,,,,,,
pga,THE PLAYERS Championship,TPC Sawgrass (THE PLAYERS Stadium Course),11,2026-03-12,2026-03-15,2026-03-09 22:30:53 UTC,1,-14400,16841,37378,"Lee, Min Woo",0,1506,AUS,22.0,30,6,,TPC Sawgrass (THE PLAYERS Stadium Course),11,1,1,2026-03-12 13:54,late,,TPC Sawgrass (THE PLAYERS Stadium Course),11,2,10,2026-03-13 09:04,early,,,,,,,,,,,,,,
pga,THE PLAYERS Championship,TPC Sawgrass (THE PLAYERS Stadium Course),11,2026-03-12,2026-03-15,2026-03-09 22:30:53 UTC,1,-14400,15310,35296,"Li, Haotong",0,240,CHN,77.0,75,55,,TPC Sawgrass (THE PLAYERS Stadium Course),11,1,1,2026-03-12 09:28,early,,TPC Sawgrass (THE PLAYERS Stadium Course),11,2,10,2026-03-13 14:18,late,,,,,,,,,,,,,,
pga,THE PLAYERS Championship,TPC Sawgrass (THE PLAYERS Stadium Course),11,2026-03-12,2026-03-15,2026-03-09 22:30:53 UTC,1,-14400,13900,33204,"Lowry, Shane",0,639,IRL,20.0,29,26,,TPC Sawgrass (THE PLAYERS Stadium Course),11,1,1,2026-03-12 13:18,late,,TPC Sawgrass (THE PLAYERS Stadium Course),11,2,10,2026-03-13 08:28,early,,,,,,,,,,,,,,
pga,THE PLAYERS Championship,TPC Sawgrass (THE PLAYERS Stadium Course),11,2026-03-12,2026-03-15,2026-03-09 22:30:53 UTC,1,-14400,23323,52215,"MacIntyre, Robert",0,583,SCO,12.0,8,39,,TPC Sawgrass (THE PLAYERS Stadium Course),11,1,10,2026-03-12 09:04,early,,TPC Sawgrass (THE PLAYERS Stadium Course),11,2,1,2026-03-13 13:54,late,,,,,,,,,,,,,,
pga,THE PLAYERS Championship,TPC Sawgrass (THE PLAYERS Stadium Course),11,2026-03-12,2026-03-15,2026-03-09 22:30:53 UTC,1,-14400,13562,32839,"Matsuyama, Hideki",0,1154,JPN,10.0,12,11,,TPC Sawgrass (THE PLAYERS Stadium Course),11,1,1,2026-03-12 13:42,late,,TPC Sawgrass (THE PLAYERS Stadium Course),11,2,10,2026-03-13 08:52,early,,,,,,,,,,,,,,
pga,THE PLAYERS Championship,TPC Sawgrass (THE PLAYERS Stadium Course),11,2026-03-12,2026-03-15,2026-03-09 22:30:53 UTC,1,-14400,19870,47993,"McCarthy, Denny",0,205,USA,75.0,94,115,,TPC Sawgrass (THE PLAYERS Stadium Course),11,1,10,2026-03-12 12:30,late,,TPC Sawgrass (THE PLAYERS Stadium Course),11,2,1,2026-03-13 07:40,early,,,,,,,,,,,,,,
pga,THE PLAYERS Championship,TPC Sawgrass (THE PLAYERS Stadium Course),11,2026-03-12,2026-03-15,2026-03-09 22:30:53 UTC,1,-14400,28635,59141,"McCarty, Matt",0,278,USA,50.0,43,31,,TPC Sawgrass (THE PLAYERS Stadium Course),11,1,1,2026-03-12 08:40,early,,TPC Sawgrass (THE PLAYERS Stadium Course),11,2,10,2026-03-13 13:30,late,,,,,,,,,,,,,,
pga,THE PLAYERS Championship,TPC Sawgrass (THE PLAYERS Stadium Course),11,2026-03-12,2026-03-15,2026-03-09 22:30:53 UTC,1,-14400,23505,51950,"McGreevy, Max",0,235,USA,66.0,72,80,,TPC Sawgrass (THE PLAYERS Stadium Course),11,1,1,2026-03-12 14:18,late,,TPC Sawgrass (THE PLAYERS Stadium Course),11,2,10,2026-03-13 09:28,early,,,,,,,,,,,,,,
pga,THE PLAYERS Championship,TPC Sawgrass (THE PLAYERS Stadium Course),11,2026-03-12,2026-03-15,2026-03-09 22:30:53 UTC,1,-14400,10091,28237,"McIlroy, Rory",0,1002,NIR,3.0,2,21,,TPC Sawgrass (THE PLAYERS Stadium Course),11,1,1,2026-03-12 13:42,late,,TPC Sawgrass (THE PLAYERS Stadium Course),11,2,10,2026-03-13 08:52,early,,,,,,,,,,,,,,
pga,THE PLAYERS Championship,TPC Sawgrass (THE PLAYERS Stadium Course),11,2026-03-12,2026-03-15,2026-03-09 22:30:53 UTC,1,-14400,18634,46442,"McNealy, Maverick",0,472,USA,21.0,25,35,,TPC Sawgrass (THE PLAYERS Stadium Course),11,1,1,2026-03-12 08:52,early,,TPC Sawgrass (THE PLAYERS Stadium Course),11,2,10,2026-03-13 13:42,late,,,,,,,,,,,,,,
pga,THE PLAYERS Championship,TPC Sawgrass (THE PLAYERS Stadium Course),11,2026-03-12,2026-03-15,2026-03-09 22:30:53 UTC,1,-14400,28159,59143,"Meissner, Mac",0,159,USA,73.0,106,104,,TPC Sawgrass (THE PLAYERS Stadium Course),11,1,1,2026-03-12 07:40,early,,TPC Sawgrass (THE PLAYERS Stadium Course),11,2,10,2026-03-13 12:30,late,,,,,,,,,,,,,,
pga,THE PLAYERS Championship,TPC Sawgrass (THE PLAYERS Stadium Course),11,2026-03-12,2026-03-15,2026-03-09 22:30:53 UTC,1,-14400,17365,39546,"Mitchell, Keith",0,244,USA,57.0,114,45,,TPC Sawgrass (THE PLAYERS Stadium Course),11,1,1,2026-03-12 12:42,late,,TPC Sawgrass (THE PLAYERS Stadium Course),11,2,10,2026-03-13 07:52,early,,,,,,,,,,,,,,
pga,THE PLAYERS Championship,TPC Sawgrass (THE PLAYERS Stadium Course),11,2026-03-12,2026-03-15,2026-03-09 22:30:53 UTC,1,-14400,21944,49947,"Moore, Taylor",0,130,USA,131.0,140,41,,TPC Sawgrass (THE PLAYERS Stadium Course),11,1,1,2026-03-12 12:54,late,,TPC Sawgrass (THE PLAYERS Stadium Course),11,2,10,2026-03-13 08:04,early,,,,,,,,,,,,,,
pga,THE PLAYERS Championship,TPC Sawgrass (THE PLAYERS Stadium Course),11,2026-03-12,2026-03-15,2026-03-09 22:30:53 UTC,1,-14400,22085,50525,"Morikawa, Collin",0,1990,USA,9.0,4,1,,TPC Sawgrass (THE PLAYERS Stadium Course),11,1,10,2026-03-12 08:40,early,,TPC Sawgrass (THE PLAYERS Stadium Course),11,2,1,2026-03-13 13:30,late,,,,,,,,,,,,,,
pga,THE PLAYERS Championship,TPC Sawgrass (THE PLAYERS Stadium Course),11,2026-03-12,2026-03-15,2026-03-09 22:30:53 UTC,1,-14400,29770,63121,"Mouw, William",0,77,USA,158.0,126,86,,TPC Sawgrass (THE PLAYERS Stadium Course),11,1,10,2026-03-12 13:42,late,,TPC Sawgrass (THE PLAYERS Stadium Course),11,2,1,2026-03-13 08:52,early,,,,,,,,,,,,,,
pga,THE PLAYERS Championship,TPC Sawgrass (THE PLAYERS Stadium Course),11,2026-03-12,2026-03-15,2026-03-09 22:30:53 UTC,1,-14400,10419,27349,"Noren, Alex",0,473,SWE,24.0,17,52,,TPC Sawgrass (THE PLAYERS Stadium Course),11,1,10,2026-03-12 08:16,early,,TPC Sawgrass (THE PLAYERS Stadium Course),11,2,1,2026-03-13 13:06,late,,,,,,,,,,,,,,
pga,THE PLAYERS Championship,TPC Sawgrass (THE PLAYERS Stadium Course),11,2026-03-12,2026-03-15,2026-03-09 22:30:53 UTC,1,-14400,23475,51997,"Novak, Andrew",0,117,USA,98.0,47,64,,TPC Sawgrass (THE PLAYERS Stadium Course),11,1,10,2026-03-12 13:30,late,,TPC Sawgrass (THE PLAYERS Stadium Course),11,2,1,2026-03-13 08:40,early,,,,,,,,,,,,,,
pga,THE PLAYERS Championship,TPC Sawgrass (THE PLAYERS Stadium Course),11,2026-03-12,2026-03-15,2026-03-09 22:30:53 UTC,1,-14400,13412,33968,"Olesen, Thorbjorn",0,141,DEN,62.0,102,T160,,TPC Sawgrass (THE PLAYERS Stadium Course),11,1,1,2026-03-12 07:40,early,,TPC Sawgrass (THE PLAYERS Stadium Course),11,2,10,2026-03-13 12:30,late,,,,,,,,,,,,,,
pga,THE PLAYERS Championship,TPC Sawgrass (THE PLAYERS Stadium Course),11,2026-03-12,2026-03-15,2026-03-09 22:30:53 UTC,1,-14400,19960,48153,"Pavon, Matthieu",0,97,FRA,219.0,263,79,,TPC Sawgrass (THE PLAYERS Stadium Course),11,1,10,2026-03-12 14:18,late,,TPC Sawgrass (THE PLAYERS Stadium Course),11,2,1,2026-03-13 09:28,early,,,,,,,,,,,,,,
pga,THE PLAYERS Championship,TPC Sawgrass (THE PLAYERS Stadium Course),11,2026-03-12,2026-03-15,2026-03-09 22:30:53 UTC,1,-14400,17780,40250,"Pendrith, Taylor",0,256,CAN,44.0,66,58,,TPC Sawgrass (THE PLAYERS Stadium Course),11,1,10,2026-03-12 08:16,early,,TPC Sawgrass (THE PLAYERS Stadium Course),11,2,1,2026-03-13 13:06,late,,,,,,,,,,,,,,
pga,THE PLAYERS Championship,TPC Sawgrass (THE PLAYERS Stadium Course),11,2026-03-12,2026-03-15,2026-03-09 22:30:53 UTC,1,-14400,22465,51003,"Penge, Marco",0,194,ENG,92.0,38,98,,TPC Sawgrass (THE PLAYERS Stadium Course),11,1,10,2026-03-12 12:42,late,,TPC Sawgrass (THE PLAYERS Stadium Course),11,2,1,2026-03-13 07:52,early,,,,,,,,,,,,,,
pga,THE PLAYERS Championship,TPC Sawgrass (THE PLAYERS Stadium Course),11,2026-03-12,2026-03-15,2026-03-09 22:30:53 UTC,1,-14400,27164,57900,"Phillips, Chandler",0,56,USA,187.0,168,111,,TPC Sawgrass (THE PLAYERS Stadium Course),11,1,1,2026-03-12 07:52,early,,TPC Sawgrass (THE PLAYERS Stadium Course),11,2,10,2026-03-13 12:42,late,,,,,,,,,,,,,,
pga,THE PLAYERS Championship,TPC Sawgrass (THE PLAYERS Stadium Course),11,2026-03-12,2026-03-15,2026-03-09 22:30:53 UTC,1,-14400,21554,49771,"Poston, J.T.",0,167,USA,76.0,70,112,,TPC Sawgrass (THE PLAYERS Stadium Course),11,1,1,2026-03-12 09:16,early,,TPC Sawgrass (THE PLAYERS Stadium Course),11,2,10,2026-03-13 14:06,late,,,,,,,,,,,,,,
pga,THE PLAYERS Championship,TPC Sawgrass (THE PLAYERS Stadium Course),11,2026-03-12,2026-03-15,2026-03-09 22:30:53 UTC,1,-14400,27900,63343,"Potgieter, Aldrich",0,136,RSA,226.0,71,29,,TPC Sawgrass (THE PLAYERS Stadium Course),11,1,10,2026-03-12 09:16,early,,TPC Sawgrass (THE PLAYERS Stadium Course),11,2,1,2026-03-13 14:06,late,,,,,,,,,,,,,,
pga,THE PLAYERS Championship,TPC Sawgrass (THE PLAYERS Stadium Course),11,2026-03-12,2026-03-15,2026-03-09 22:30:53 UTC,1,-14400,10104,28252,"Power, Seamus",0,64,IRL,95.0,157,88,,TPC Sawgrass (THE PLAYERS Stadium Course),11,1,10,2026-03-12 09:28,early,,TPC Sawgrass (THE PLAYERS Stadium Course),11,2,1,2026-03-13 14:18,late,,,,,,,,,,,,,,
pga,THE PLAYERS Championship,TPC Sawgrass (THE PLAYERS Stadium Course),11,2026-03-12,2026-03-15,2026-03-09 22:30:53 UTC,1,-14400,14704,34256,"Putnam, Andrew",0,193,USA,153.0,122,46,,TPC Sawgrass (THE PLAYERS Stadium Course),11,1,1,2026-03-12 12:30,late,,TPC Sawgrass (THE PLAYERS Stadium Course),11,2,10,2026-03-13 07:40,early,,,,,,,,,,,,,,
pga,THE PLAYERS Championship,TPC Sawgrass (THE PLAYERS Stadium Course),11,2026-03-12,2026-03-15,2026-03-09 22:30:53 UTC,1,-14400,18554,46414,"Rai, Aaron",0,568,ENG,63.0,35,97,,TPC Sawgrass (THE PLAYERS Stadium Course),11,1,1,2026-03-12 14:06,late,,TPC Sawgrass (THE PLAYERS Stadium Course),11,2,10,2026-03-13 09:16,early,,,,,,,,,,,,,,
pga,THE PLAYERS Championship,TPC Sawgrass (THE PLAYERS Stadium Course),11,2026-03-12,2026-03-15,2026-03-09 22:30:53 UTC,1,-14400,19840,47983,"Ramey, Chad",0,67,USA,144.0,155,81,,TPC Sawgrass (THE PLAYERS Stadium Course),11,1,10,2026-03-12 12:54,late,,TPC Sawgrass (THE PLAYERS Stadium Course),11,2,1,2026-03-13 08:04,early,,,,,,,,,,,,,,
pga,THE PLAYERS Championship,TPC Sawgrass (THE PLAYERS Stadium Course),11,2026-03-12,2026-03-15,2026-03-09 22:30:53 UTC,1,-14400,21407,49855,"Reitan, Kristoffer",0,170,NOR,67.0,46,94,,TPC Sawgrass (THE PLAYERS Stadium Course),11,1,10,2026-03-12 08:04,early,,TPC Sawgrass (THE PLAYERS Stadium Course),11,2,1,2026-03-13 12:54,late,,,,,,,,,,,,,,
pga,THE PLAYERS Championship,TPC Sawgrass (THE PLAYERS Stadium Course),11,2026-03-12,2026-03-15,2026-03-09 22:30:53 UTC,1,-14400,19872,47995,"Riley, Davis",0,94,USA,273.0,107,82,,TPC Sawgrass (THE PLAYERS Stadium Course),11,1,1,2026-03-12 08:52,early,,TPC Sawgrass (THE PLAYERS Stadium Course),11,2,10,2026-03-13 13:42,late,,,,,,,,,,,,,,
pga,THE PLAYERS Championship,TPC Sawgrass (THE PLAYERS Stadium Course),11,2026-03-12,2026-03-15,2026-03-09 22:30:53 UTC,1,-14400,16283,36699,"Rodgers, Patrick",0,141,USA,68.0,85,30,,TPC Sawgrass (THE PLAYERS Stadium Course),11,1,10,2026-03-12 12:42,late,,TPC Sawgrass (THE PLAYERS Stadium Course),11,2,1,2026-03-13 07:52,early,,,,,,,,,,,,,,
pga,THE PLAYERS Championship,TPC Sawgrass (THE PLAYERS Stadium Course),11,2026-03-12,2026-03-15,2026-03-09 22:30:53 UTC,1,-14400,6093,22405,"Rose, Justin",0,514,ENG,41.0,5,16,,TPC Sawgrass (THE PLAYERS Stadium Course),11,1,1,2026-03-12 13:54,late,,TPC Sawgrass (THE PLAYERS Stadium Course),11,2,10,2026-03-13 09:04,early,,,,,,,,,,,,,,
pga,THE PLAYERS Championship,TPC Sawgrass (THE PLAYERS Stadium Course),11,2026-03-12,2026-03-15,2026-03-09 22:30:53 UTC,1,-14400,18424,39335,"Roy, Kevin",0,114,USA,102.0,138,59,,TPC Sawgrass (THE PLAYERS Stadium Course),11,1,10,2026-03-12 12:42,late,,TPC Sawgrass (THE PLAYERS Stadium Course),11,2,1,2026-03-13 07:52,early,,,,,,,,,,,,,,
pga,THE PLAYERS Championship,TPC Sawgrass (THE PLAYERS Stadium Course),11,2026-03-12,2026-03-15,2026-03-09 22:30:53 UTC,1,-14400,19895,48081,"Schauffele, Xander",0,1137,USA,6.0,10,37,,TPC Sawgrass (THE PLAYERS Stadium Course),11,1,1,2026-03-12 13:42,late,,TPC Sawgrass (THE PLAYERS Stadium Course),11,2,10,2026-03-13 08:52,early,,,,,,,,,,,,,,
pga,THE PLAYERS Championship,TPC Sawgrass (THE PLAYERS Stadium Course),11,2026-03-12,2026-03-15,2026-03-09 22:30:53 UTC,1,-14400,18417,46046,"Scheffler, Scottie",0,1746,USA,1.0,1,5,,TPC Sawgrass (THE PLAYERS Stadium Course),11,1,10,2026-03-12 08:52,early,,TPC Sawgrass (THE PLAYERS Stadium Course),11,2,1,2026-03-13 13:42,late,,,,,,,,,,,,,,
pga,THE PLAYERS Championship,TPC Sawgrass (THE PLAYERS Stadium Course),11,2026-03-12,2026-03-15,2026-03-09 22:30:53 UTC,1,-14400,19477,47347,"Schenk, Adam",0,67,USA,388.0,141,103,,TPC Sawgrass (THE PLAYERS Stadium Course),11,1,1,2026-03-12 08:40,early,,TPC Sawgrass (THE PLAYERS Stadium Course),11,2,10,2026-03-13 13:30,late,,,,,,,,,,,,,,
pga,THE PLAYERS Championship,TPC Sawgrass (THE PLAYERS Stadium Course),11,2026-03-12,2026-03-15,2026-03-09 22:30:53 UTC,1,-14400,20722,48867,"Schmid, Matti",0,100,GER,140.0,90,56,,TPC Sawgrass (THE PLAYERS Stadium Course),11,1,1,2026-03-12 14:18,late,,TPC Sawgrass (THE PLAYERS Stadium Course),11,2,10,2026-03-13 09:28,early,,,,,,,,,,,,,,
pga,THE PLAYERS Championship,TPC Sawgrass (THE PLAYERS Stadium Course),11,2026-03-12,2026-03-15,2026-03-09 22:30:53 UTC,1,-14400,6430,24502,"Scott, Adam",0,895,AUS,29.0,50,15,,TPC Sawgrass (THE PLAYERS Stadium Course),11,1,1,2026-03-12 13:06,late,,TPC Sawgrass (THE PLAYERS Stadium Course),11,2,10,2026-03-13 08:16,early,,,,,,,,,,,,,,
pga,THE PLAYERS Championship,TPC Sawgrass (THE PLAYERS Stadium Course),11,2026-03-12,2026-03-15,2026-03-09 22:30:53 UTC,1,-14400,18474,46340,"Smalley, Alex",0,175,USA,89.0,123,83,,TPC Sawgrass (THE PLAYERS Stadium Course),11,1,10,2026-03-12 12:54,late,,TPC Sawgrass (THE PLAYERS Stadium Course),11,2,1,2026-03-13 08:04,early,,,,,,,,,,,,,,
pga,THE PLAYERS Championship,TPC Sawgrass (THE PLAYERS Stadium Course),11,2026-03-12,2026-03-15,2026-03-09 22:30:53 UTC,1,-14400,18586,46464,"Smith, Jordan",0,153,ENG,70.0,93,73,,TPC Sawgrass (THE PLAYERS Stadium Course),11,1,1,2026-03-12 09:28,early,,TPC Sawgrass (THE PLAYERS Stadium Course),11,2,10,2026-03-13 14:18,late,,,,,,,,,,,,,,
pga,THE PLAYERS Championship,TPC Sawgrass (THE PLAYERS Stadium Course),11,2026-03-12,2026-03-15,2026-03-09 22:30:53 UTC,1,-14400,22985,50095,"Smotherman, Austin",0,251,USA,133.0,100,36,,TPC Sawgrass (THE PLAYERS Stadium Course),11,1,10,2026-03-12 14:18,late,,TPC Sawgrass (THE PLAYERS Stadium Course),11,2,1,2026-03-13 09:28,early,,,,,,,,,,,,,,
pga,THE PLAYERS Championship,TPC Sawgrass (THE PLAYERS Stadium Course),11,2026-03-12,2026-03-15,2026-03-09 22:30:53 UTC,1,-14400,17536,39324,"Spaun, J.J.",0,444,USA,31.0,11,140,,TPC Sawgrass (THE PLAYERS Stadium Course),11,1,1,2026-03-12 13:18,late,,TPC Sawgrass (THE PLAYERS Stadium Course),11,2,10,2026-03-13 08:28,early,,,,,,,,,,,,,,
pga,THE PLAYERS Championship,TPC Sawgrass (THE PLAYERS Stadium Course),11,2026-03-12,2026-03-15,2026-03-09 22:30:53 UTC,1,-14400,14636,34046,"Spieth, Jordan",0,951,USA,36.0,64,32,,TPC Sawgrass (THE PLAYERS Stadium Course),11,1,1,2026-03-12 13:30,late,,TPC Sawgrass (THE PLAYERS Stadium Course),11,2,10,2026-03-13 08:40,early,,,,,,,,,,,,,,
pga,THE PLAYERS Championship,TPC Sawgrass (THE PLAYERS Stadium Course),11,2026-03-12,2026-03-15,2026-03-09 22:30:53 UTC,1,-14400,25569,55893,"Stevens, Sam",0,173,USA,59.0,49,42,,TPC Sawgrass (THE PLAYERS Stadium Course),11,1,1,2026-03-12 12:30,late,,TPC Sawgrass (THE PLAYERS Stadium Course),11,2,10,2026-03-13 07:40,early,,,,,,,,,,,,,,
pga,THE PLAYERS Championship,TPC Sawgrass (THE PLAYERS Stadium Course),11,2026-03-12,2026-03-15,2026-03-09 22:30:53 UTC,1,-14400,17511,49960,"Straka, Sepp",0,1213,AUT,34.0,9,14,,TPC Sawgrass (THE PLAYERS Stadium Course),11,1,1,2026-03-12 13:18,late,,TPC Sawgrass (THE PLAYERS Stadium Course),11,2,10,2026-03-13 08:28,early,,,,,,,,,,,,,,
pga,THE PLAYERS Championship,TPC Sawgrass (THE PLAYERS Stadium Course),11,2026-03-12,2026-03-15,2026-03-09 22:30:53 UTC,1,-14400,13126,25493,"Taylor, Nick",0,321,CAN,37.0,62,48,,TPC Sawgrass (THE PLAYERS Stadium Course),11,1,10,2026-03-12 13:30,late,,TPC Sawgrass (THE PLAYERS Stadium Course),11,2,1,2026-03-13 08:40,early,,,,,,,,,,,,,,
pga,THE PLAYERS Championship,TPC Sawgrass (THE PLAYERS Stadium Course),11,2026-03-12,2026-03-15,2026-03-09 22:30:53 UTC,1,-14400,23014,51634,"Theegala, Sahith",0,738,USA,46.0,76,17,,TPC Sawgrass (THE PLAYERS Stadium Course),11,1,1,2026-03-12 13:30,late,,TPC Sawgrass (THE PLAYERS Stadium Course),11,2,10,2026-03-13 08:40,early,,,,,,,,,,,,,,
pga,THE PLAYERS Championship,TPC Sawgrass (THE PLAYERS Stadium Course),11,2026-03-12,2026-03-15,2026-03-09 22:30:53 UTC,1,-14400,14139,33448,"Thomas, Justin",0,336,USA,51.0,14,,,TPC Sawgrass (THE PLAYERS Stadium Course),11,1,10,2026-03-12 08:52,early,,TPC Sawgrass (THE PLAYERS Stadium Course),11,2,1,2026-03-13 13:42,late,,,,,,,,,,,,,,
pga,THE PLAYERS Championship,TPC Sawgrass (THE PLAYERS Stadium Course),11,2026-03-12,2026-03-15,2026-03-09 22:30:53 UTC,1,-14400,27364,58168,"Thompson, Davis",0,261,USA,80.0,111,78,,TPC Sawgrass (THE PLAYERS Stadium Course),11,1,10,2026-03-12 13:54,late,,TPC Sawgrass (THE PLAYERS Stadium Course),11,2,1,2026-03-13 09:04,early,,,,,,,,,,,,,,
pga,THE PLAYERS Championship,TPC Sawgrass (THE PLAYERS Stadium Course),11,2026-03-12,2026-03-15,2026-03-09 22:30:53 UTC,1,-14400,26649,57364,"Thorbjornsen, Michael",0,277,USA,74.0,59,47,,TPC Sawgrass (THE PLAYERS Stadium Course),11,1,10,2026-03-12 07:52,early,,TPC Sawgrass (THE PLAYERS Stadium Course),11,2,1,2026-03-13 12:42,late,,,,,,,,,,,,,,
pga,THE PLAYERS Championship,TPC Sawgrass (THE PLAYERS Stadium Course),11,2026-03-12,2026-03-15,2026-03-09 22:30:53 UTC,1,-14400,23816,52666,"Valimaki, Sami",0,129,FIN,94.0,53,110,,TPC Sawgrass (THE PLAYERS Stadium Course),11,1,1,2026-03-12 09:04,early,,TPC Sawgrass (THE PLAYERS Stadium Course),11,2,10,2026-03-13 13:54,late,,,,,,,,,,,,,,
pga,THE PLAYERS Championship,TPC Sawgrass (THE PLAYERS Stadium Course),11,2026-03-12,2026-03-15,2026-03-09 22:30:53 UTC,1,-14400,17550,40006,"Van Rooyen, Erik",0,65,RSA,320.0,146,,,TPC Sawgrass (THE PLAYERS Stadium Course),11,1,1,2026-03-12 12:42,late,,TPC Sawgrass (THE PLAYERS Stadium Course),11,2,10,2026-03-13 07:52,early,,,,,,,,,,,,,,
pga,THE PLAYERS Championship,TPC Sawgrass (THE PLAYERS Stadium Course),11,2026-03-12,2026-03-15,2026-03-09 22:30:53 UTC,1,-14400,13508,27064,"Vegas, Jhonattan",0,127,VEN,222.0,101,99,,TPC Sawgrass (THE PLAYERS Stadium Course),11,1,10,2026-03-12 08:16,early,,TPC Sawgrass (THE PLAYERS Stadium Course),11,2,1,2026-03-13 13:06,late,,,,,,,,,,,,,,
pga,THE PLAYERS Championship,TPC Sawgrass (THE PLAYERS Stadium Course),11,2026-03-12,2026-03-15,2026-03-09 22:30:53 UTC,1,-14400,24304,54304,"Vilips, Karl",0,80,AUS,241.0,145,T106,,TPC Sawgrass (THE PLAYERS Stadium Course),11,1,1,2026-03-12 14:06,late,,TPC Sawgrass (THE PLAYERS Stadium Course),11,2,10,2026-03-13 09:16,early,,,,,,,,,,,,,,
pga,THE PLAYERS Championship,TPC Sawgrass (THE PLAYERS Stadium Course),11,2026-03-12,2026-03-15,2026-03-09 22:30:53 UTC,1,-14400,25003,54607,"Walker, Danny",0,140,USA,327.0,227,135,,TPC Sawgrass (THE PLAYERS Stadium Course),11,1,10,2026-03-12 08:04,early,,TPC Sawgrass (THE PLAYERS Stadium Course),11,2,1,2026-03-13 12:54,late,,,,,,,,,,,,,,
pga,THE PLAYERS Championship,TPC Sawgrass (THE PLAYERS Stadium Course),11,2026-03-12,2026-03-15,2026-03-09 22:30:53 UTC,1,-14400,25908,51894,"Whaley, Vince",0,66,USA,109.0,120,T138,,TPC Sawgrass (THE PLAYERS Stadium Course),11,1,1,2026-03-12 07:52,early,,TPC Sawgrass (THE PLAYERS Stadium Course),11,2,10,2026-03-13 12:42,late,,,,,,,,,,,,,,
pga,THE PLAYERS Championship,TPC Sawgrass (THE PLAYERS Stadium Course),11,2026-03-12,2026-03-15,2026-03-09 22:30:53 UTC,1,-14400,12577,31323,"Woodland, Gary",0,73,USA,159.0,148,173,,TPC Sawgrass (THE PLAYERS Stadium Course),11,1,1,2026-03-12 08:16,early,,TPC Sawgrass (THE PLAYERS Stadium Course),11,2,10,2026-03-13 13:06,late,,,,,,,,,,,,,,
pga,THE PLAYERS Championship,TPC Sawgrass (THE PLAYERS Stadium Course),11,2026-03-12,2026-03-15,2026-03-09 22:30:53 UTC,1,-14400,29925,60386,"Yellamaraju, Sudarshan",0,167,CAN,198.0,216,67,,TPC Sawgrass (THE PLAYERS Stadium Course),11,1,1,2026-03-12 14:30,late,,TPC Sawgrass (THE PLAYERS Stadium Course),11,2,10,2026-03-13 09:40,early,,,,,,,,,,,,,,
pga,THE PLAYERS Championship,TPC Sawgrass (THE PLAYERS Stadium Course),11,2026-03-12,2026-03-15,2026-03-09 22:30:53 UTC,1,-14400,26651,57366,"Young, Cameron",0,1630,USA,7.0,15,12,,TPC Sawgrass (THE PLAYERS Stadium Course),11,1,10,2026-03-12 13:54,late,,TPC Sawgrass (THE PLAYERS Stadium Course),11,2,1,2026-03-13 09:04,early,,,,,,,,,,,,,,
pga,THE PLAYERS Championship,TPC Sawgrass (THE PLAYERS Stadium Course),11,2026-03-12,2026-03-15,2026-03-09 22:30:53 UTC,1,-14400,17881,45242,"Yu, Kevin",0,70,TPE,126.0,115,175,,TPC Sawgrass (THE PLAYERS Stadium Course),11,1,1,2026-03-12 08:16,early,,TPC Sawgrass (THE PLAYERS Stadium Course),11,2,10,2026-03-13 13:06,late,,,,,,,,,,,,,,
