username,entryId,eventName,eventDate,selection,winnings
ADmun,m3h8gxx,Sony Open in Hawaii,2026-01-15,Nicolas Echavarria,0.00
AKsREVENGE,oohwwvx,Sony Open in Hawaii,2026-01-15,J.J. Spaun,31522.00
andylicious,78ho83z,Sony Open in Hawaii,2026-01-15,Robert MacIntyre,409500.00
balvari,0dh4357,Sony Open in Hawaii,2026-01-15,Corey Conners,72475.00
Bdavis7916,k6hyezx,Sony Open in Hawaii,2026-01-15,Keegan Bradley,0.00
BigBoKnows,53h0gr5,Sony Open in Hawaii,2026-01-15,Ryan Gerard,991900.00
BigCat97,8vh9q4n,Sony Open in Hawaii,2026-01-15,Russell Henley,111839.00
bpark88,36hm5ov,Sony Open in Hawaii,2026-01-15,Ben Griffin,111839.00
Cdimming,8vh9jk5,Sony Open in Hawaii,2026-01-15,Aaron Rai,22404.00
Cjlemoin,gkh3m67,Sony Open in Hawaii,2026-01-15,Nicolas Echavarria,0.00
DKWoods,wrhv6kg,Sony Open in Hawaii,2026-01-15,Russell Henley,111839.00
Dreamweaver816,78hz953,Sony Open in Hawaii,2026-01-15,Daniel Berger,287105.00
Enicola0922,m3h6yyp,Sony Open in Hawaii,2026-01-15,Corey Conners,72475.00
FlyingArmbar,p8hnkv6,Sony Open in Hawaii,2026-01-15,Mac Meissner,31522.00
GH23,erhw7xv,Sony Open in Hawaii,2026-01-15,Nick Taylor,163042.00
GlizzyAtTheTurn,0dhkr87,Sony Open in Hawaii,2026-01-15,Si Woo Kim,220675.00
GopherHockey19,m3h87mr,Sony Open in Hawaii,2026-01-15,J.J. Spaun,31522.00
halliam1114,p8hdz40,Sony Open in Hawaii,2026-01-15,Si Woo Kim,220675.00
Jackson1441,43h9m9d,Sony Open in Hawaii,2026-01-15,Corey Conners,72475.00
JLUDEOBV,43h9376,Sony Open in Hawaii,2026-01-15,Harry Hall,287105.00
jonescurtisw,dnhzxey,Sony Open in Hawaii,2026-01-15,Hideki Matsuyama,163042.00
jtsalvetti,vnh36vq,Sony Open in Hawaii,2026-01-15,Russell Henley,111839.00
Jwhit25,53he4g4,Sony Open in Hawaii,2026-01-15,Denny McCarthy,31522.00
Kbhoff,36hmp75,Sony Open in Hawaii,2026-01-15,Russell Henley,111839.00
kotsko,36hmm9z,Sony Open in Hawaii,2026-01-15,Keegan Bradley,0.00
Kriegs,m3h6nm8,Sony Open in Hawaii,2026-01-15,Nick Taylor,163042.00
linkcalhoun,p8hd469,Sony Open in Hawaii,2026-01-15,Russell Henley,111839.00
Mbrowder,nehqwrq,Sony Open in Hawaii,2026-01-15,Chris Kirk,0.00
MWalker9,53h0vzo,Sony Open in Hawaii,2026-01-15,Hideki Matsuyama,163042.00
newcastle21,8vh9ek9,Sony Open in Hawaii,2026-01-15,Chris Kirk,0.00
Nikopmelis,36hmn6j,Sony Open in Hawaii,2026-01-15,Russell Henley,111839.00
one007,x0h7nzj,Sony Open in Hawaii,2026-01-15,Jake Knapp,220675.00
Ottomatic,r8h6myq,Sony Open in Hawaii,2026-01-15,Ben Griffin,111839.00
pbyrne11,wrhmp93,Sony Open in Hawaii,2026-01-15,Aaron Rai,22404.00
picksixer360,m3h8mey,Sony Open in Hawaii,2026-01-15,J.J. Spaun,31522.00
Pjh5165,36hm6vj,Sony Open in Hawaii,2026-01-15,Si Woo Kim,220675.00
Ponta01,x0h7wo6,Sony Open in Hawaii,2026-01-15,Si Woo Kim,220675.00
Rjsut727,erh7z6m,Sony Open in Hawaii,2026-01-15,Hideki Matsuyama,163042.00
Rye1987,36hm5jq,Sony Open in Hawaii,2026-01-15,Chris Kirk,0.00
SJUPRIDE10,64hmvvv,Sony Open in Hawaii,2026-01-15,Russell Henley,111839.00
Skibasher,m3h6p00,Sony Open in Hawaii,2026-01-15,Russell Henley,111839.00
Sullivanchris01,53hepg6,Sony Open in Hawaii,2026-01-15,Jake Knapp,220675.00
talktob,vnh4gw5,Sony Open in Hawaii,2026-01-15,Maverick McNealy,72475.00
Tbargie,dnhzpdq,Sony Open in Hawaii,2026-01-15,Collin Morikawa,0.00
ThePME,36hogo7,Sony Open in Hawaii,2026-01-15,Ben Griffin,111839.00
tice0101,x0h73j9,Sony Open in Hawaii,2026-01-15,J.J. Spaun,31522.00
Tiger4040,wrhm9kd,Sony Open in Hawaii,2026-01-15,Brian Harman,19929.00
Walshy0104,m3h80k9,Sony Open in Hawaii,2026-01-15,Russell Henley,111839.00
Zsather,nehqkoz,Sony Open in Hawaii,2026-01-15,Russell Henley,111839.00
ADmun,m3h8gxx,The American Express,2026-01-22,Sepp Straka,0.00
AKsREVENGE,oohwwvx,The American Express,2026-01-22,Robert MacIntyre,39100.00
andylicious,78ho83z,The American Express,2026-01-22,Daniel Berger,20884.00
balvari,0dh4357,The American Express,2026-01-22,Si Woo Kim,322000.00
Bdavis7916,k6hyezx,The American Express,2026-01-22,Harry Hall,81420.00
BigBoKnows,53h0gr5,The American Express,2026-01-22,Pierceson Coody,117607.00
BigCat97,8vh9q4n,The American Express,2026-01-22,Pierceson Coody,117607.00
bpark88,36hm5ov,The American Express,2026-01-22,Harry Hall,81420.00
Cdimming,8vh9jk5,The American Express,2026-01-22,Ben Griffin,81420.00
Cjlemoin,gkh3m67,The American Express,2026-01-22,Harry Hall,81420.00
DKWoods,wrhv6kg,The American Express,2026-01-22,Si Woo Kim,322000.00
Dreamweaver816,78hz953,The American Express,2026-01-22,Ben Griffin,81420.00
Enicola0922,m3h6yyp,The American Express,2026-01-22,Patrick Cantlay,169740.00
FlyingArmbar,p8hnkv6,The American Express,2026-01-22,Alex Noren,0.00
GH23,erhw7xv,The American Express,2026-01-22,Max Greyserman,20884.00
GlizzyAtTheTurn,0dhkr87,The American Express,2026-01-22,Patrick Cantlay,169740.00
GopherHockey19,m3h87mr,The American Express,2026-01-22,Ben Griffin,81420.00
halliam1114,p8hdz40,The American Express,2026-01-22,Kurt Kitayama,0.00
Jackson1441,43h9m9d,The American Express,2026-01-22,Sepp Straka,0.00
JLUDEOBV,43h9376,The American Express,2026-01-22,Si Woo Kim,322000.00
jonescurtisw,dnhzxey,The American Express,2026-01-22,Patrick Cantlay,169740.00
jtsalvetti,vnh36vq,The American Express,2026-01-22,Patrick Cantlay,169740.00
Jwhit25,53he4g4,The American Express,2026-01-22,Ben Griffin,81420.00
Kbhoff,36hmp75,The American Express,2026-01-22,Si Woo Kim,322000.00
kotsko,36hmm9z,The American Express,2026-01-22,Russell Henley,250700.00
Kriegs,m3h6nm8,The American Express,2026-01-22,J.T. Poston,39100.00
linkcalhoun,p8hd469,The American Express,2026-01-22,Ben Griffin,81420.00
Mbrowder,nehqwrq,The American Express,2026-01-22,Si Woo Kim,322000.00
MWalker9,53h0vzo,The American Express,2026-01-22,Daniel Berger,20884.00
newcastle21,8vh9ek9,The American Express,2026-01-22,Si Woo Kim,322000.00
Nikopmelis,36hmn6j,The American Express,2026-01-22,Harry Hall,81420.00
one007,x0h7nzj,The American Express,2026-01-22,Max Greyserman,20884.00
Ottomatic,r8h6myq,The American Express,2026-01-22,Christiaan Bezuidenhout,39100.00
pbyrne11,wrhmp93,The American Express,2026-01-22,Harry Hall,81420.00
picksixer360,m3h8mey,The American Express,2026-01-22,Daniel Berger,20884.00
Pjh5165,36hm6vj,The American Express,2026-01-22,Sam Burns,57918.00
Ponta01,x0h7wo6,The American Express,2026-01-22,Matt Fitzpatrick,19688.00
Rjsut727,erh7z6m,The American Express,2026-01-22,Russell Henley,250700.00
Rye1987,36hm5jq,The American Express,2026-01-22,Daniel Berger,20884.00
SJUPRIDE10,64hmvvv,The American Express,2026-01-22,Michael Thorbjornsen,0.00
Skibasher,m3h6p00,The American Express,2026-01-22,Kurt Kitayama,0.00
Sullivanchris01,53hepg6,The American Express,2026-01-22,Rasmus Hojgaard,25377.00
talktob,vnh4gw5,The American Express,2026-01-22,Russell Henley,250700.00
Tbargie,dnhzpdq,The American Express,2026-01-22,Si Woo Kim,322000.00
ThePME,36hogo7,The American Express,2026-01-22,Russell Henley,250700.00
tice0101,x0h73j9,The American Express,2026-01-22,Ben Griffin,81420.00
Tiger4040,wrhm9kd,The American Express,2026-01-22,Daniel Berger,20884.00
Walshy0104,m3h80k9,The American Express,2026-01-22,Harry Hall,81420.00
Zsather,nehqkoz,The American Express,2026-01-22,Ryan Gerard,616400.00
ADmun,m3h8gxx,Farmers Insurance Open,2026-01-29,Jason Day,41760.00
AKsREVENGE,oohwwvx,Farmers Insurance Open,2026-01-29,Si Woo Kim,726400.00
andylicious,78ho83z,Farmers Insurance Open,2026-01-29,Wyndham Clark,20352.00
balvari,0dh4357,Farmers Insurance Open,2026-01-29,Sam Stevens,56280.00
Bdavis7916,k6hyezx,Farmers Insurance Open,2026-01-29,Jason Day,41760.00
BigBoKnows,53h0gr5,Farmers Insurance Open,2026-01-29,Nicolai Hojgaard,92640.00
BigCat97,8vh9q4n,Farmers Insurance Open,2026-01-29,Taylor Pendrith,0.00
bpark88,36hm5ov,Farmers Insurance Open,2026-01-29,Will Zalatoris,0.00
Cdimming,8vh9jk5,Farmers Insurance Open,2026-01-29,Chris Gotterup,132000.00
Cjlemoin,gkh3m67,Farmers Insurance Open,2026-01-29,Jake Knapp,370800.00
DKWoods,wrhv6kg,Farmers Insurance Open,2026-01-29,Ludvig Aberg,0.00
Dreamweaver816,78hz953,Farmers Insurance Open,2026-01-29,Jason Day,41760.00
Enicola0922,m3h6yyp,Farmers Insurance Open,2026-01-29,Harris English,92640.00
FlyingArmbar,p8hnkv6,Farmers Insurance Open,2026-01-29,Jake Knapp,370800.00
GH23,erhw7xv,Farmers Insurance Open,2026-01-29,Will Zalatoris,0.00
GlizzyAtTheTurn,0dhkr87,Farmers Insurance Open,2026-01-29,Jason Day,41760.00
GopherHockey19,m3h87mr,Farmers Insurance Open,2026-01-29,Chris Gotterup,132000.00
halliam1114,p8hdz40,Farmers Insurance Open,2026-01-29,Hideki Matsuyama,193029.00
Jackson1441,43h9m9d,Farmers Insurance Open,2026-01-29,Maverick McNealy,261600.00
JLUDEOBV,43h9376,Farmers Insurance Open,2026-01-29,Jake Knapp,370800.00
jonescurtisw,dnhzxey,Farmers Insurance Open,2026-01-29,Si Woo Kim,726400.00
jtsalvetti,vnh36vq,Farmers Insurance Open,2026-01-29,Cameron Young,92640.00
Jwhit25,53he4g4,Farmers Insurance Open,2026-01-29,Maverick McNealy,261600.00
Kbhoff,36hmp75,Farmers Insurance Open,2026-01-29,Xander Schauffele,0.00
kotsko,36hmm9z,Farmers Insurance Open,2026-01-29,Si Woo Kim,726400.00
Kriegs,m3h6nm8,Farmers Insurance Open,2026-01-29,Jason Day,41760.00
linkcalhoun,p8hd469,Farmers Insurance Open,2026-01-29,Michael Thorbjornsen,132000.00
Mbrowder,nehqwrq,Farmers Insurance Open,2026-01-29,Jason Day,41760.00
MWalker9,53h0vzo,Farmers Insurance Open,2026-01-29,Maverick McNealy,261600.00
newcastle21,8vh9ek9,Farmers Insurance Open,2026-01-29,Will Zalatoris,0.00
Nikopmelis,36hmn6j,Farmers Insurance Open,2026-01-29,Chris Gotterup,132000.00
one007,x0h7nzj,Farmers Insurance Open,2026-01-29,Keith Mitchell,193029.00
Ottomatic,r8h6myq,Farmers Insurance Open,2026-01-29,Jason Day,41760.00
pbyrne11,wrhmp93,Farmers Insurance Open,2026-01-29,Jake Knapp,370800.00
picksixer360,m3h8mey,Farmers Insurance Open,2026-01-29,Will Zalatoris,0.00
Pjh5165,36hm6vj,Farmers Insurance Open,2026-01-29,Cameron Young,92640.00
Ponta01,x0h7wo6,Farmers Insurance Open,2026-01-29,Keegan Bradley,31264.00
Rjsut727,erh7z6m,Farmers Insurance Open,2026-01-29,Justin Rose,1728000.00
Rye1987,36hm5jq,Farmers Insurance Open,2026-01-29,Hideki Matsuyama,193029.00
SJUPRIDE10,64hmvvv,Farmers Insurance Open,2026-01-29,Jason Day,41760.00
Skibasher,m3h6p00,Farmers Insurance Open,2026-01-29,Hideki Matsuyama,193029.00
Sullivanchris01,53hepg6,Farmers Insurance Open,2026-01-29,Jason Day,41760.00
talktob,vnh4gw5,Farmers Insurance Open,2026-01-29,Jason Day,41760.00
Tbargie,dnhzpdq,Farmers Insurance Open,2026-01-29,Maverick McNealy,261600.00
ThePME,36hogo7,Farmers Insurance Open,2026-01-29,Maverick McNealy,261600.00
tice0101,x0h73j9,Farmers Insurance Open,2026-01-29,Ryan Gerard,193029.00
Tiger4040,wrhm9kd,Farmers Insurance Open,2026-01-29,Jason Day,41760.00
Walshy0104,m3h80k9,Farmers Insurance Open,2026-01-29,Chris Gotterup,132000.00
Zsather,nehqkoz,Farmers Insurance Open,2026-01-29,Hideki Matsuyama,193029.00
ADmun,m3h8gxx,WM Phoenix Open,2026-02-05,Si Woo Kim,439680.00
AKsREVENGE,oohwwvx,WM Phoenix Open,2026-02-05,Ben Griffin,62949.00
andylicious,78ho83z,WM Phoenix Open,2026-02-05,Cameron Young,34080.00
balvari,0dh4357,WM Phoenix Open,2026-02-05,Maverick McNealy,188000.00
Bdavis7916,k6hyezx,WM Phoenix Open,2026-02-05,Si Woo Kim,439680.00
BigBoKnows,53h0gr5,WM Phoenix Open,2026-02-05,Hideki Matsuyama,1046400.00
BigCat97,8vh9q4n,WM Phoenix Open,2026-02-05,Hideki Matsuyama,1046400.00
bpark88,36hm5ov,WM Phoenix Open,2026-02-05,Rickie Fowler,122720.00
Cdimming,8vh9jk5,WM Phoenix Open,2026-02-05,Si Woo Kim,439680.00
Cjlemoin,gkh3m67,WM Phoenix Open,2026-02-05,Maverick McNealy,188000.00
DKWoods,wrhv6kg,WM Phoenix Open,2026-02-05,Maverick McNealy,188000.00
Dreamweaver816,78hz953,WM Phoenix Open,2026-02-05,Maverick McNealy,188000.00
Enicola0922,m3h6yyp,WM Phoenix Open,2026-02-05,Cameron Young,34080.00
FlyingArmbar,p8hnkv6,WM Phoenix Open,2026-02-05,Maverick McNealy,188000.00
GH23,erhw7xv,WM Phoenix Open,2026-02-05,Jake Knapp,300000.00
GlizzyAtTheTurn,0dhkr87,WM Phoenix Open,2026-02-05,Sam Burns,0.00
GopherHockey19,m3h87mr,WM Phoenix Open,2026-02-05,Si Woo Kim,439680.00
halliam1114,p8hdz40,WM Phoenix Open,2026-02-05,Brooks Koepka,0.00
Jackson1441,43h9m9d,WM Phoenix Open,2026-02-05,Harry Hall,0.00
JLUDEOBV,43h9376,WM Phoenix Open,2026-02-05,Maverick McNealy,188000.00
jonescurtisw,dnhzxey,WM Phoenix Open,2026-02-05,Maverick McNealy,188000.00
jtsalvetti,vnh36vq,WM Phoenix Open,2026-02-05,Si Woo Kim,439680.00
Jwhit25,53he4g4,WM Phoenix Open,2026-02-05,Sahith Theegala,122720.00
Kbhoff,36hmp75,WM Phoenix Open,2026-02-05,Hideki Matsuyama,1046400.00
kotsko,36hmm9z,WM Phoenix Open,2026-02-05,Maverick McNealy,188000.00
Kriegs,m3h6nm8,WM Phoenix Open,2026-02-05,Si Woo Kim,439680.00
linkcalhoun,p8hd469,WM Phoenix Open,2026-02-05,Maverick McNealy,188000.00
Mbrowder,nehqwrq,WM Phoenix Open,2026-02-05,Sam Burns,0.00
MWalker9,53h0vzo,WM Phoenix Open,2026-02-05,Brooks Koepka,0.00
newcastle21,8vh9ek9,WM Phoenix Open,2026-02-05,Rickie Fowler,122720.00
Nikopmelis,36hmn6j,WM Phoenix Open,2026-02-05,Jordan Spieth,0.00
one007,x0h7nzj,WM Phoenix Open,2026-02-05,Cameron Young,34080.00
Ottomatic,r8h6myq,WM Phoenix Open,2026-02-05,Maverick McNealy,188000.00
pbyrne11,wrhmp93,WM Phoenix Open,2026-02-05,Pierceson Coody,242400.00
picksixer360,m3h8mey,WM Phoenix Open,2026-02-05,Maverick McNealy,188000.00
Pjh5165,36hm6vj,WM Phoenix Open,2026-02-05,Maverick McNealy,188000.00
Ponta01,x0h7wo6,WM Phoenix Open,2026-02-05,Hideki Matsuyama,1046400.00
Rjsut727,erh7z6m,WM Phoenix Open,2026-02-05,Cameron Young,34080.00
Rye1987,36hm5jq,WM Phoenix Open,2026-02-05,Si Woo Kim,439680.00
SJUPRIDE10,64hmvvv,WM Phoenix Open,2026-02-05,Si Woo Kim,439680.00
Skibasher,m3h6p00,WM Phoenix Open,2026-02-05,Cameron Young,34080.00
Sullivanchris01,53hepg6,WM Phoenix Open,2026-02-05,Sahith Theegala,122720.00
talktob,vnh4gw5,WM Phoenix Open,2026-02-05,Si Woo Kim,439680.00
Tbargie,dnhzpdq,WM Phoenix Open,2026-02-05,Jordan Spieth,0.00
ThePME,36hogo7,WM Phoenix Open,2026-02-05,Rickie Fowler,122720.00
tice0101,x0h73j9,WM Phoenix Open,2026-02-05,Maverick McNealy,188000.00
Tiger4040,wrhm9kd,WM Phoenix Open,2026-02-05,Hideki Matsuyama,1046400.00
Walshy0104,m3h80k9,WM Phoenix Open,2026-02-05,Jordan Spieth,0.00
Zsather,nehqkoz,WM Phoenix Open,2026-02-05,Si Woo Kim,439680.00
ADmun,m3h8gxx,AT&T Pebble Beach Pro-Am,2026-02-12,Justin Rose,78375.00
AKsREVENGE,oohwwvx,AT&T Pebble Beach Pro-Am,2026-02-12,Hideki Matsuyama,515000.00
andylicious,78ho83z,AT&T Pebble Beach Pro-Am,2026-02-12,Jason Day,162000.00
balvari,0dh4357,AT&T Pebble Beach Pro-Am,2026-02-12,Russell Henley,235000.00
Bdavis7916,k6hyezx,AT&T Pebble Beach Pro-Am,2026-02-12,Justin Rose,78375.00
BigBoKnows,53h0gr5,AT&T Pebble Beach Pro-Am,2026-02-12,Viktor Hovland,39750.00
BigCat97,8vh9q4n,AT&T Pebble Beach Pro-Am,2026-02-12,Si Woo Kim,57000.00
bpark88,36hm5ov,AT&T Pebble Beach Pro-Am,2026-02-12,Tommy Fleetwood,877500.00
Cdimming,8vh9jk5,AT&T Pebble Beach Pro-Am,2026-02-12,Justin Rose,78375.00
Cjlemoin,gkh3m67,AT&T Pebble Beach Pro-Am,2026-02-12,Russell Henley,235000.00
DKWoods,wrhv6kg,AT&T Pebble Beach Pro-Am,2026-02-12,Justin Rose,78375.00
Dreamweaver816,78hz953,AT&T Pebble Beach Pro-Am,2026-02-12,Sepp Straka,1760000.00
Enicola0922,m3h6yyp,AT&T Pebble Beach Pro-Am,2026-02-12,Scottie Scheffler,877500.00
FlyingArmbar,p8hnkv6,AT&T Pebble Beach Pro-Am,2026-02-12,Russell Henley,235000.00
GH23,erhw7xv,AT&T Pebble Beach Pro-Am,2026-02-12,Matt Fitzpatrick,342750.00
GlizzyAtTheTurn,0dhkr87,AT&T Pebble Beach Pro-Am,2026-02-12,Viktor Hovland,39750.00
GopherHockey19,m3h87mr,AT&T Pebble Beach Pro-Am,2026-02-12,Viktor Hovland,39750.00
halliam1114,p8hdz40,AT&T Pebble Beach Pro-Am,2026-02-12,Patrick Cantlay,342750.00
Jackson1441,43h9m9d,AT&T Pebble Beach Pro-Am,2026-02-12,Russell Henley,235000.00
JLUDEOBV,43h9376,AT&T Pebble Beach Pro-Am,2026-02-12,Jason Day,162000.00
jonescurtisw,dnhzxey,AT&T Pebble Beach Pro-Am,2026-02-12,Justin Rose,78375.00
jtsalvetti,vnh36vq,AT&T Pebble Beach Pro-Am,2026-02-12,Jason Day,162000.00
Jwhit25,53he4g4,AT&T Pebble Beach Pro-Am,2026-02-12,Cameron Young,42000.00
Kbhoff,36hmp75,AT&T Pebble Beach Pro-Am,2026-02-12,Collin Morikawa,3600000.00
kotsko,36hmm9z,AT&T Pebble Beach Pro-Am,2026-02-12,Daniel Berger,33125.00
Kriegs,m3h6nm8,AT&T Pebble Beach Pro-Am,2026-02-12,Justin Rose,78375.00
linkcalhoun,p8hd469,AT&T Pebble Beach Pro-Am,2026-02-12,Chris Gotterup,78375.00
Mbrowder,nehqwrq,AT&T Pebble Beach Pro-Am,2026-02-12,Viktor Hovland,39750.00
MWalker9,53h0vzo,AT&T Pebble Beach Pro-Am,2026-02-12,Justin Rose,78375.00
newcastle21,8vh9ek9,AT&T Pebble Beach Pro-Am,2026-02-12,Russell Henley,235000.00
Nikopmelis,36hmn6j,AT&T Pebble Beach Pro-Am,2026-02-12,Matt Fitzpatrick,342750.00
one007,x0h7nzj,AT&T Pebble Beach Pro-Am,2026-02-12,Justin Rose,78375.00
Ottomatic,r8h6myq,AT&T Pebble Beach Pro-Am,2026-02-12,Russell Henley,235000.00
pbyrne11,wrhmp93,AT&T Pebble Beach Pro-Am,2026-02-12,Russell Henley,235000.00
picksixer360,m3h8mey,AT&T Pebble Beach Pro-Am,2026-02-12,Shane Lowry,515000.00
Pjh5165,36hm6vj,AT&T Pebble Beach Pro-Am,2026-02-12,Viktor Hovland,39750.00
Ponta01,x0h7wo6,AT&T Pebble Beach Pro-Am,2026-02-12,Viktor Hovland,39750.00
Rjsut727,erh7z6m,AT&T Pebble Beach Pro-Am,2026-02-12,Viktor Hovland,39750.00
Rye1987,36hm5jq,AT&T Pebble Beach Pro-Am,2026-02-12,Justin Rose,78375.00
SJUPRIDE10,64hmvvv,AT&T Pebble Beach Pro-Am,2026-02-12,Justin Rose,78375.00
Skibasher,m3h6p00,AT&T Pebble Beach Pro-Am,2026-02-12,Si Woo Kim,57000.00
Sullivanchris01,53hepg6,AT&T Pebble Beach Pro-Am,2026-02-12,Scottie Scheffler,877500.00
talktob,vnh4gw5,AT&T Pebble Beach Pro-Am,2026-02-12,Scottie Scheffler,877500.00
Tbargie,dnhzpdq,AT&T Pebble Beach Pro-Am,2026-02-12,Sepp Straka,1760000.00
ThePME,36hogo7,AT&T Pebble Beach Pro-Am,2026-02-12,Tommy Fleetwood,877500.00
tice0101,x0h73j9,AT&T Pebble Beach Pro-Am,2026-02-12,Matt Fitzpatrick,342750.00
Tiger4040,wrhm9kd,AT&T Pebble Beach Pro-Am,2026-02-12,Russell Henley,235000.00
Walshy0104,m3h80k9,AT&T Pebble Beach Pro-Am,2026-02-12,Matt Fitzpatrick,342750.00
Zsather,nehqkoz,AT&T Pebble Beach Pro-Am,2026-02-12,Viktor Hovland,39750.00
ADmun,m3h8gxx,The Genesis Invitational,2026-02-19,Hideki Matsuyama,136500.00
AKsREVENGE,oohwwvx,The Genesis Invitational,2026-02-19,Scottie Scheffler,415000.00
andylicious,78ho83z,The Genesis Invitational,2026-02-19,Viktor Hovland,78000.00
balvari,0dh4357,The Genesis Invitational,2026-02-19,Scottie Scheffler,415000.00
Bdavis7916,k6hyezx,The Genesis Invitational,2026-02-19,Scottie Scheffler,415000.00
BigBoKnows,53h0gr5,The Genesis Invitational,2026-02-19,Cameron Young,603200.00
BigCat97,8vh9q4n,The Genesis Invitational,2026-02-19,Patrick Cantlay,92250.00
bpark88,36hm5ov,The Genesis Invitational,2026-02-19,Scottie Scheffler,415000.00
Cdimming,8vh9jk5,The Genesis Invitational,2026-02-19,Patrick Cantlay,92250.00
Cjlemoin,gkh3m67,The Genesis Invitational,2026-02-19,Xander Schauffele,603200.00
DKWoods,wrhv6kg,The Genesis Invitational,2026-02-19,Hideki Matsuyama,136500.00
Dreamweaver816,78hz953,The Genesis Invitational,2026-02-19,Sam Burns,0.00
Enicola0922,m3h6yyp,The Genesis Invitational,2026-02-19,Viktor Hovland,78000.00
FlyingArmbar,p8hnkv6,The Genesis Invitational,2026-02-19,Scottie Scheffler,415000.00
GH23,erhw7xv,The Genesis Invitational,2026-02-19,Patrick Cantlay,92250.00
GlizzyAtTheTurn,0dhkr87,The Genesis Invitational,2026-02-19,Cameron Young,603200.00
GopherHockey19,m3h87mr,The Genesis Invitational,2026-02-19,Hideki Matsuyama,136500.00
halliam1114,p8hdz40,The Genesis Invitational,2026-02-19,Scottie Scheffler,415000.00
Jackson1441,43h9m9d,The Genesis Invitational,2026-02-19,Jake Knapp,760000.00
JLUDEOBV,43h9376,The Genesis Invitational,2026-02-19,Hideki Matsuyama,136500.00
jonescurtisw,dnhzxey,The Genesis Invitational,2026-02-19,Tommy Fleetwood,603200.00
jtsalvetti,vnh36vq,The Genesis Invitational,2026-02-19,Hideki Matsuyama,136500.00
Jwhit25,53he4g4,The Genesis Invitational,2026-02-19,Patrick Cantlay,92250.00
Kbhoff,36hmp75,The Genesis Invitational,2026-02-19,Scottie Scheffler,415000.00
kotsko,36hmm9z,The Genesis Invitational,2026-02-19,Rory McIlroy,1800000.00
Kriegs,m3h6nm8,The Genesis Invitational,2026-02-19,Patrick Cantlay,92250.00
linkcalhoun,p8hd469,The Genesis Invitational,2026-02-19,Jake Knapp,760000.00
Mbrowder,nehqwrq,The Genesis Invitational,2026-02-19,Harris English,224500.00
MWalker9,53h0vzo,The Genesis Invitational,2026-02-19,Tommy Fleetwood,603200.00
newcastle21,8vh9ek9,The Genesis Invitational,2026-02-19,Matt Fitzpatrick,178250.00
Nikopmelis,36hmn6j,The Genesis Invitational,2026-02-19,Xander Schauffele,603200.00
one007,x0h7nzj,The Genesis Invitational,2026-02-19,Rory McIlroy,1800000.00
Ottomatic,r8h6myq,The Genesis Invitational,2026-02-19,Patrick Cantlay,92250.00
pbyrne11,wrhmp93,The Genesis Invitational,2026-02-19,Tommy Fleetwood,603200.00
picksixer360,m3h8mey,The Genesis Invitational,2026-02-19,Patrick Cantlay,92250.00
Pjh5165,36hm6vj,The Genesis Invitational,2026-02-19,Hideki Matsuyama,136500.00
Ponta01,x0h7wo6,The Genesis Invitational,2026-02-19,Rory McIlroy,1800000.00
Rjsut727,erh7z6m,The Genesis Invitational,2026-02-19,Tommy Fleetwood,603200.00
Rye1987,36hm5jq,The Genesis Invitational,2026-02-19,Russell Henley,0.00
SJUPRIDE10,64hmvvv,The Genesis Invitational,2026-02-19,Rory McIlroy,1800000.00
Skibasher,m3h6p00,The Genesis Invitational,2026-02-19,Rory McIlroy,1800000.00
Sullivanchris01,53hepg6,The Genesis Invitational,2026-02-19,Ben Griffin,78000.00
talktob,vnh4gw5,The Genesis Invitational,2026-02-19,Hideki Matsuyama,136500.00
Tbargie,dnhzpdq,The Genesis Invitational,2026-02-19,Scottie Scheffler,415000.00
ThePME,36hogo7,The Genesis Invitational,2026-02-19,Xander Schauffele,603200.00
tice0101,x0h73j9,The Genesis Invitational,2026-02-19,Xander Schauffele,603200.00
Tiger4040,wrhm9kd,The Genesis Invitational,2026-02-19,Rickie Fowler,136500.00
Walshy0104,m3h80k9,The Genesis Invitational,2026-02-19,Xander Schauffele,603200.00
Zsather,nehqkoz,The Genesis Invitational,2026-02-19,Scottie Scheffler,415000.00
ADmun,m3h8gxx,Cognizant Classic in The Palm Beaches,2026-02-26,Shane Lowry,726400.00
AKsREVENGE,oohwwvx,Cognizant Classic in The Palm Beaches,2026-02-26,Nicolai Hojgaard,324000.00
andylicious,78ho83z,Cognizant Classic in The Palm Beaches,2026-02-26,Nicolai Hojgaard,324000.00
balvari,0dh4357,Cognizant Classic in The Palm Beaches,2026-02-26,Shane Lowry,726400.00
Bdavis7916,k6hyezx,Cognizant Classic in The Palm Beaches,2026-02-26,Shane Lowry,726400.00
BigBoKnows,53h0gr5,Cognizant Classic in The Palm Beaches,2026-02-26,Shane Lowry,726400.00
BigCat97,8vh9q4n,Cognizant Classic in The Palm Beaches,2026-02-26,Daniel Berger,54816.00
bpark88,36hm5ov,Cognizant Classic in The Palm Beaches,2026-02-26,Ryan Gerard,77600.00
Cdimming,8vh9jk5,Cognizant Classic in The Palm Beaches,2026-02-26,Nicolai Hojgaard,324000.00
Cjlemoin,gkh3m67,Cognizant Classic in The Palm Beaches,2026-02-26,Nicolai Hojgaard,324000.00
DKWoods,wrhv6kg,Cognizant Classic in The Palm Beaches,2026-02-26,Nicolai Hojgaard,324000.00
Dreamweaver816,78hz953,Cognizant Classic in The Palm Beaches,2026-02-26,Rasmus Neergaard-Petersen,31776.00
Enicola0922,m3h6yyp,Cognizant Classic in The Palm Beaches,2026-02-26,Ryan Gerard,77600.00
FlyingArmbar,p8hnkv6,Cognizant Classic in The Palm Beaches,2026-02-26,Nicolai Hojgaard,324000.00
GH23,erhw7xv,Cognizant Classic in The Palm Beaches,2026-02-26,Nicolai Hojgaard,324000.00
GlizzyAtTheTurn,0dhkr87,Cognizant Classic in The Palm Beaches,2026-02-26,Shane Lowry,726400.00
GopherHockey19,m3h87mr,Cognizant Classic in The Palm Beaches,2026-02-26,Shane Lowry,726400.00
halliam1114,p8hdz40,Cognizant Classic in The Palm Beaches,2026-02-26,Mac Meissner,0.00
Jackson1441,43h9m9d,Cognizant Classic in The Palm Beaches,2026-02-26,Ryan Gerard,77600.00
JLUDEOBV,43h9376,Cognizant Classic in The Palm Beaches,2026-02-26,Shane Lowry,726400.00
jonescurtisw,dnhzxey,Cognizant Classic in The Palm Beaches,2026-02-26,Daniel Berger,54816.00
jtsalvetti,vnh36vq,Cognizant Classic in The Palm Beaches,2026-02-26,Nicolai Hojgaard,324000.00
Jwhit25,53he4g4,Cognizant Classic in The Palm Beaches,2026-02-26,Davis Thompson,21504.00
Kbhoff,36hmp75,Cognizant Classic in The Palm Beaches,2026-02-26,Alex Smalley,22992.00
kotsko,36hmm9z,Cognizant Classic in The Palm Beaches,2026-02-26,Nicolai Hojgaard,324000.00
Kriegs,m3h6nm8,Cognizant Classic in The Palm Beaches,2026-02-26,Christiaan Bezuidenhout,45600.00
linkcalhoun,p8hd469,Cognizant Classic in The Palm Beaches,2026-02-26,John Keefer,0.00
Mbrowder,nehqwrq,Cognizant Classic in The Palm Beaches,2026-02-26,Daniel Berger,54816.00
MWalker9,53h0vzo,Cognizant Classic in The Palm Beaches,2026-02-26,Hao-Tong Li,54816.00
newcastle21,8vh9ek9,Cognizant Classic in The Palm Beaches,2026-02-26,Nicolai Hojgaard,324000.00
Nikopmelis,36hmn6j,Cognizant Classic in The Palm Beaches,2026-02-26,Daniel Berger,54816.00
one007,x0h7nzj,Cognizant Classic in The Palm Beaches,2026-02-26,Aaron Rai,77600.00
Ottomatic,r8h6myq,Cognizant Classic in The Palm Beaches,2026-02-26,Nicolai Hojgaard,324000.00
pbyrne11,wrhmp93,Cognizant Classic in The Palm Beaches,2026-02-26,Michael Thorbjornsen,0.00
picksixer360,m3h8mey,Cognizant Classic in The Palm Beaches,2026-02-26,Brooks Koepka,252000.00
Pjh5165,36hm6vj,Cognizant Classic in The Palm Beaches,2026-02-26,Daniel Berger,54816.00
Ponta01,x0h7wo6,Cognizant Classic in The Palm Beaches,2026-02-26,Shane Lowry,726400.00
Rjsut727,erh7z6m,Cognizant Classic in The Palm Beaches,2026-02-26,Brooks Koepka,252000.00
Rye1987,36hm5jq,Cognizant Classic in The Palm Beaches,2026-02-26,Michael Thorbjornsen,0.00
SJUPRIDE10,64hmvvv,Cognizant Classic in The Palm Beaches,2026-02-26,Shane Lowry,726400.00
Skibasher,m3h6p00,Cognizant Classic in The Palm Beaches,2026-02-26,Shane Lowry,726400.00
Sullivanchris01,53hepg6,Cognizant Classic in The Palm Beaches,2026-02-26,Rasmus Neergaard-Petersen,31776.00
talktob,vnh4gw5,Cognizant Classic in The Palm Beaches,2026-02-26,Shane Lowry,726400.00
Tbargie,dnhzpdq,Cognizant Classic in The Palm Beaches,2026-02-26,Keith Mitchell,324000.00
ThePME,36hogo7,Cognizant Classic in The Palm Beaches,2026-02-26,Rasmus Hojgaard,252000.00
tice0101,x0h73j9,Cognizant Classic in The Palm Beaches,2026-02-26,Nicolai Hojgaard,324000.00
Tiger4040,wrhm9kd,Cognizant Classic in The Palm Beaches,2026-02-26,Nicolai Hojgaard,324000.00
Walshy0104,m3h80k9,Cognizant Classic in The Palm Beaches,2026-02-26,Daniel Berger,54816.00
Zsather,nehqkoz,Cognizant Classic in The Palm Beaches,2026-02-26,Rasmus Hojgaard,252000.00
ADmun,m3h8gxx,Arnold Palmer Invitational presented by Mastercard,2026-03-05,Collin Morikawa,840000.00
AKsREVENGE,oohwwvx,Arnold Palmer Invitational presented by Mastercard,2026-03-05,Rory McIlroy,0.00
andylicious,78ho83z,Arnold Palmer Invitational presented by Mastercard,2026-03-05,Rory McIlroy,0.00
balvari,0dh4357,Arnold Palmer Invitational presented by Mastercard,2026-03-05,Matt Fitzpatrick,78000.00
Bdavis7916,k6hyezx,Arnold Palmer Invitational presented by Mastercard,2026-03-05,Collin Morikawa,840000.00
BigBoKnows,53h0gr5,Arnold Palmer Invitational presented by Mastercard,2026-03-05,Tommy Fleetwood,56000.00
BigCat97,8vh9q4n,Arnold Palmer Invitational presented by Mastercard,2026-03-05,Collin Morikawa,840000.00
bpark88,36hm5ov,Arnold Palmer Invitational presented by Mastercard,2026-03-05,Collin Morikawa,840000.00
Cjlemoin,gkh3m67,Arnold Palmer Invitational presented by Mastercard,2026-03-05,Shane Lowry,0.00
DKWoods,wrhv6kg,Arnold Palmer Invitational presented by Mastercard,2026-03-05,Collin Morikawa,840000.00
Dreamweaver816,78hz953,Arnold Palmer Invitational presented by Mastercard,2026-03-05,Rory McIlroy,0.00
Enicola0922,m3h6yyp,Arnold Palmer Invitational presented by Mastercard,2026-03-05,Collin Morikawa,840000.00
FlyingArmbar,p8hnkv6,Arnold Palmer Invitational presented by Mastercard,2026-03-05,Rory McIlroy,0.00
GH23,erhw7xv,Arnold Palmer Invitational presented by Mastercard,2026-03-05,Tommy Fleetwood,56000.00
GlizzyAtTheTurn,0dhkr87,Arnold Palmer Invitational presented by Mastercard,2026-03-05,Matt Fitzpatrick,78000.00
GopherHockey19,m3h87mr,Arnold Palmer Invitational presented by Mastercard,2026-03-05,Scottie Scheffler,157000.00
halliam1114,p8hdz40,Arnold Palmer Invitational presented by Mastercard,2026-03-05,Keegan Bradley,0.00
Jackson1441,43h9m9d,Arnold Palmer Invitational presented by Mastercard,2026-03-05,Matt Fitzpatrick,78000.00
JLUDEOBV,43h9376,Arnold Palmer Invitational presented by Mastercard,2026-03-05,Matt Fitzpatrick,78000.00
jonescurtisw,dnhzxey,Arnold Palmer Invitational presented by Mastercard,2026-03-05,Collin Morikawa,840000.00
jtsalvetti,vnh36vq,Arnold Palmer Invitational presented by Mastercard,2026-03-05,Tommy Fleetwood,56000.00
Jwhit25,53he4g4,Arnold Palmer Invitational presented by Mastercard,2026-03-05,Si Woo Kim,373200.00
Kbhoff,36hmp75,Arnold Palmer Invitational presented by Mastercard,2026-03-05,Rory McIlroy,0.00
kotsko,36hmm9z,Arnold Palmer Invitational presented by Mastercard,2026-03-05,Matt Fitzpatrick,78000.00
Kriegs,m3h6nm8,Arnold Palmer Invitational presented by Mastercard,2026-03-05,Rory McIlroy,0.00
linkcalhoun,p8hd469,Arnold Palmer Invitational presented by Mastercard,2026-03-05,Rory McIlroy,0.00
Mbrowder,nehqwrq,Arnold Palmer Invitational presented by Mastercard,2026-03-05,Rory McIlroy,0.00
MWalker9,53h0vzo,Arnold Palmer Invitational presented by Mastercard,2026-03-05,Jake Knapp,0.00
newcastle21,8vh9ek9,Arnold Palmer Invitational presented by Mastercard,2026-03-05,Collin Morikawa,840000.00
Nikopmelis,36hmn6j,Arnold Palmer Invitational presented by Mastercard,2026-03-05,Collin Morikawa,840000.00
one007,x0h7nzj,Arnold Palmer Invitational presented by Mastercard,2026-03-05,Shane Lowry,0.00
Ottomatic,r8h6myq,Arnold Palmer Invitational presented by Mastercard,2026-03-05,Tommy Fleetwood,56000.00
pbyrne11,wrhmp93,Arnold Palmer Invitational presented by Mastercard,2026-03-05,Rory McIlroy,0.00
picksixer360,m3h8mey,Arnold Palmer Invitational presented by Mastercard,2026-03-05,Tommy Fleetwood,56000.00
Pjh5165,36hm6vj,Arnold Palmer Invitational presented by Mastercard,2026-03-05,Tommy Fleetwood,56000.00
Ponta01,x0h7wo6,Arnold Palmer Invitational presented by Mastercard,2026-03-05,Ludvig Aberg,1200000.00
Rjsut727,erh7z6m,Arnold Palmer Invitational presented by Mastercard,2026-03-05,Rory McIlroy,0.00
Rye1987,36hm5jq,Arnold Palmer Invitational presented by Mastercard,2026-03-05,Rory McIlroy,0.00
SJUPRIDE10,64hmvvv,Arnold Palmer Invitational presented by Mastercard,2026-03-05,Scottie Scheffler,157000.00
Skibasher,m3h6p00,Arnold Palmer Invitational presented by Mastercard,2026-03-05,Tommy Fleetwood,56000.00
Sullivanchris01,53hepg6,Arnold Palmer Invitational presented by Mastercard,2026-03-05,Xander Schauffele,157000.00
talktob,vnh4gw5,Arnold Palmer Invitational presented by Mastercard,2026-03-05,Matt Fitzpatrick,78000.00
Tbargie,dnhzpdq,Arnold Palmer Invitational presented by Mastercard,2026-03-05,Cameron Young,1200000.00
ThePME,36hogo7,Arnold Palmer Invitational presented by Mastercard,2026-03-05,Collin Morikawa,840000.00
tice0101,x0h73j9,Arnold Palmer Invitational presented by Mastercard,2026-03-05,Collin Morikawa,840000.00
Tiger4040,wrhm9kd,Arnold Palmer Invitational presented by Mastercard,2026-03-05,Collin Morikawa,840000.00
Walshy0104,m3h80k9,Arnold Palmer Invitational presented by Mastercard,2026-03-05,Collin Morikawa,840000.00
Zsather,nehqkoz,Arnold Palmer Invitational presented by Mastercard,2026-03-05,Collin Morikawa,840000.00
ADmun,m3h8gxx,THE PLAYERS Championship,2026-03-12,Ludvig Aberg,925000.00
AKsREVENGE,oohwwvx,THE PLAYERS Championship,2026-03-12,Collin Morikawa,0.00
andylicious,78ho83z,THE PLAYERS Championship,2026-03-12,Min Woo Lee,128250.00
balvari,0dh4357,THE PLAYERS Championship,2026-03-12,Collin Morikawa,0.00
Bdavis7916,k6hyezx,THE PLAYERS Championship,2026-03-12,Ludvig Aberg,925000.00
BigBoKnows,53h0gr5,THE PLAYERS Championship,2026-03-12,Collin Morikawa,0.00
BigCat97,8vh9q4n,THE PLAYERS Championship,2026-03-12,Scottie Scheffler,271250.00
bpark88,36hm5ov,THE PLAYERS Championship,2026-03-12,Matt Fitzpatrick,2725000.00
Cdimming,8vh9jk5,THE PLAYERS Championship,2026-03-12,Xander Schauffele,1725000.00
Cjlemoin,gkh3m67,THE PLAYERS Championship,2026-03-12,Collin Morikawa,0.00
DKWoods,wrhv6kg,THE PLAYERS Championship,2026-03-12,Scottie Scheffler,271250.00
Dreamweaver816,78hz953,THE PLAYERS Championship,2026-03-12,Tommy Fleetwood,731250.00
Enicola0922,m3h6yyp,THE PLAYERS Championship,2026-03-12,Ludvig Aberg,925000.00
FlyingArmbar,p8hnkv6,THE PLAYERS Championship,2026-03-12,Collin Morikawa,0.00
GH23,erhw7xv,THE PLAYERS Championship,2026-03-12,Ludvig Aberg,925000.00
GlizzyAtTheTurn,0dhkr87,THE PLAYERS Championship,2026-03-12,Collin Morikawa,0.00
GopherHockey19,m3h87mr,THE PLAYERS Championship,2026-03-12,Collin Morikawa,0.00
halliam1114,p8hdz40,THE PLAYERS Championship,2026-03-12,Rickie Fowler,91250.00
Jackson1441,43h9m9d,THE PLAYERS Championship,2026-03-12,Tommy Fleetwood,731250.00
JLUDEOBV,43h9376,THE PLAYERS Championship,2026-03-12,Collin Morikawa,0.00
jonescurtisw,dnhzxey,THE PLAYERS Championship,2026-03-12,Ludvig Aberg,925000.00
jtsalvetti,vnh36vq,THE PLAYERS Championship,2026-03-12,Collin Morikawa,0.00
Jwhit25,53he4g4,THE PLAYERS Championship,2026-03-12,Tommy Fleetwood,731250.00
Kbhoff,36hmp75,THE PLAYERS Championship,2026-03-12,Matt Fitzpatrick,2725000.00
kotsko,36hmm9z,THE PLAYERS Championship,2026-03-12,Ludvig Aberg,925000.00
Kriegs,m3h6nm8,THE PLAYERS Championship,2026-03-12,Scottie Scheffler,271250.00
linkcalhoun,p8hd469,THE PLAYERS Championship,2026-03-12,Hideki Matsuyama,178750.00
Mbrowder,nehqwrq,THE PLAYERS Championship,2026-03-12,Scottie Scheffler,271250.00
MWalker9,53h0vzo,THE PLAYERS Championship,2026-03-12,Ludvig Aberg,925000.00
newcastle21,8vh9ek9,THE PLAYERS Championship,2026-03-12,Jake Knapp,0.00
Nikopmelis,36hmn6j,THE PLAYERS Championship,2026-03-12,Ludvig Aberg,925000.00
one007,x0h7nzj,THE PLAYERS Championship,2026-03-12,Collin Morikawa,0.00
Ottomatic,r8h6myq,THE PLAYERS Championship,2026-03-12,Si Woo Kim,61083.00
pbyrne11,wrhmp93,THE PLAYERS Championship,2026-03-12,Rickie Fowler,91250.00
picksixer360,m3h8mey,THE PLAYERS Championship,2026-03-12,Xander Schauffele,1725000.00
Pjh5165,36hm6vj,THE PLAYERS Championship,2026-03-12,Collin Morikawa,0.00
Ponta01,x0h7wo6,THE PLAYERS Championship,2026-03-12,Russell Henley,409028.00
Rjsut727,erh7z6m,THE PLAYERS Championship,2026-03-12,Collin Morikawa,0.00
Rye1987,36hm5jq,THE PLAYERS Championship,2026-03-12,Tommy Fleetwood,731250.00
SJUPRIDE10,64hmvvv,THE PLAYERS Championship,2026-03-12,Collin Morikawa,0.00
Skibasher,m3h6p00,THE PLAYERS Championship,2026-03-12,Matt Fitzpatrick,2725000.00
Sullivanchris01,53hepg6,THE PLAYERS Championship,2026-03-12,Hideki Matsuyama,178750.00
talktob,vnh4gw5,THE PLAYERS Championship,2026-03-12,Collin Morikawa,0.00
Tbargie,dnhzpdq,THE PLAYERS Championship,2026-03-12,Ludvig Aberg,925000.00
ThePME,36hogo7,THE PLAYERS Championship,2026-03-12,Si Woo Kim,61083.00
tice0101,x0h73j9,THE PLAYERS Championship,2026-03-12,Tommy Fleetwood,731250.00
Tiger4040,wrhm9kd,THE PLAYERS Championship,2026-03-12,Sepp Straka,731250.00
Walshy0104,m3h80k9,THE PLAYERS Championship,2026-03-12,Ludvig Aberg,925000.00
Zsather,nehqkoz,THE PLAYERS Championship,2026-03-12,Ludvig Aberg,925000.00
ADmun,m3h8gxx,Valspar Championship,2026-03-19,Jacob Bridgeman,161525.00
AKsREVENGE,oohwwvx,Valspar Championship,2026-03-19,Jacob Bridgeman,161525.00
andylicious,78ho83z,Valspar Championship,2026-03-19,Sahith Theegala,0.00
balvari,0dh4357,Valspar Championship,2026-03-19,Jacob Bridgeman,161525.00
Bdavis7916,k6hyezx,Valspar Championship,2026-03-19,Viktor Hovland,0.00
BigBoKnows,53h0gr5,Valspar Championship,2026-03-19,Ryo Hisatsune,51142.00
BigCat97,8vh9q4n,Valspar Championship,2026-03-19,Sahith Theegala,0.00
bpark88,36hm5ov,Valspar Championship,2026-03-19,Jacob Bridgeman,161525.00
Cdimming,8vh9jk5,Valspar Championship,2026-03-19,Jordan Spieth,211575.00
Cjlemoin,gkh3m67,Valspar Championship,2026-03-19,Sahith Theegala,0.00
DKWoods,wrhv6kg,Valspar Championship,2026-03-19,Viktor Hovland,0.00
Dreamweaver816,78hz953,Valspar Championship,2026-03-19,Patrick Cantlay,276413.00
Enicola0922,m3h6yyp,Valspar Championship,2026-03-19,Ben Griffin,0.00
FlyingArmbar,p8hnkv6,Valspar Championship,2026-03-19,Justin Thomas,51142.00
GlizzyAtTheTurn,0dhkr87,Valspar Championship,2026-03-19,Brooks Koepka,108290.00
GopherHockey19,m3h87mr,Valspar Championship,2026-03-19,Jordan Spieth,211575.00
halliam1114,p8hdz40,Valspar Championship,2026-03-19,Sahith Theegala,0.00
Jackson1441,43h9m9d,Valspar Championship,2026-03-19,Jacob Bridgeman,161525.00
JLUDEOBV,43h9376,Valspar Championship,2026-03-19,Jacob Bridgeman,161525.00
jonescurtisw,dnhzxey,Valspar Championship,2026-03-19,Jacob Bridgeman,161525.00
jtsalvetti,vnh36vq,Valspar Championship,2026-03-19,Jacob Bridgeman,161525.00
Jwhit25,53he4g4,Valspar Championship,2026-03-19,Ryo Hisatsune,51142.00
Kbhoff,36hmp75,Valspar Championship,2026-03-19,Lucas Glover,0.00
kotsko,36hmm9z,Valspar Championship,2026-03-19,Xander Schauffele,382958.00
Kriegs,m3h6nm8,Valspar Championship,2026-03-19,Denny McCarthy,69160.00
linkcalhoun,p8hd469,Valspar Championship,2026-03-19,Sahith Theegala,0.00
Mbrowder,nehqwrq,Valspar Championship,2026-03-19,Corey Conners,161525.00
MWalker9,53h0vzo,Valspar Championship,2026-03-19,Matt Fitzpatrick,1638000.00
newcastle21,8vh9ek9,Valspar Championship,2026-03-19,Ryo Hisatsune,51142.00
Nikopmelis,36hmn6j,Valspar Championship,2026-03-19,Jacob Bridgeman,161525.00
one007,x0h7nzj,Valspar Championship,2026-03-19,Justin Thomas,51142.00
Ottomatic,r8h6myq,Valspar Championship,2026-03-19,Jacob Bridgeman,161525.00
pbyrne11,wrhmp93,Valspar Championship,2026-03-19,Ryo Hisatsune,51142.00
picksixer360,m3h8mey,Valspar Championship,2026-03-19,Jacob Bridgeman,161525.00
Pjh5165,36hm6vj,Valspar Championship,2026-03-19,Brooks Koepka,108290.00
Ponta01,x0h7wo6,Valspar Championship,2026-03-19,Patrick Cantlay,276413.00
Rjsut727,erh7z6m,Valspar Championship,2026-03-19,Jordan Spieth,211575.00
Rye1987,36hm5jq,Valspar Championship,2026-03-19,Austin Smotherman,0.00
SJUPRIDE10,64hmvvv,Valspar Championship,2026-03-19,Brooks Koepka,108290.00
Skibasher,m3h6p00,Valspar Championship,2026-03-19,Jordan Spieth,211575.00
Sullivanchris01,53hepg6,Valspar Championship,2026-03-19,Brooks Koepka,108290.00
talktob,vnh4gw5,Valspar Championship,2026-03-19,Jacob Bridgeman,161525.00
Tbargie,dnhzpdq,Valspar Championship,2026-03-19,Jacob Bridgeman,161525.00
ThePME,36hogo7,Valspar Championship,2026-03-19,Jordan Spieth,211575.00
tice0101,x0h73j9,Valspar Championship,2026-03-19,Sahith Theegala,0.00
Tiger4040,wrhm9kd,Valspar Championship,2026-03-19,Matt Fitzpatrick,1638000.00
Walshy0104,m3h80k9,Valspar Championship,2026-03-19,Jacob Bridgeman,161525.00
Zsather,nehqkoz,Valspar Championship,2026-03-19,Taylor Pendrith,0.00
ADmun,m3h8gxx,Texas Children's Houston Open,2026-03-26,Jake Knapp,322988.00
AKsREVENGE,oohwwvx,Texas Children's Houston Open,2026-03-26,Sam Burns,96525.00
andylicious,78ho83z,Texas Children's Houston Open,2026-03-26,Sam Burns,96525.00
balvari,0dh4357,Texas Children's Houston Open,2026-03-26,Michael Thorbjornsen,170775.00
Bdavis7916,k6hyezx,Texas Children's Houston Open,2026-03-26,Chris Gotterup,322988.00
BigBoKnows,53h0gr5,Texas Children's Houston Open,2026-03-26,Michael Thorbjornsen,170775.00
BigCat97,8vh9q4n,Texas Children's Houston Open,2026-03-26,Jake Knapp,322988.00
bpark88,36hm5ov,Texas Children's Houston Open,2026-03-26,Jake Knapp,322988.00
Cdimming,8vh9jk5,Texas Children's Houston Open,2026-03-26,Marco Penge,0.00
Cjlemoin,gkh3m67,Texas Children's Houston Open,2026-03-26,Adam Scott,96525.00
DKWoods,wrhv6kg,Texas Children's Houston Open,2026-03-26,Chris Gotterup,322988.00
Dreamweaver816,78hz953,Texas Children's Houston Open,2026-03-26,Nicolai Hojgaard,1079100.00
Enicola0922,m3h6yyp,Texas Children's Houston Open,2026-03-26,Sam Burns,96525.00
FlyingArmbar,p8hnkv6,Texas Children's Houston Open,2026-03-26,Min Woo Lee,584100.00
GH23,erhw7xv,Texas Children's Houston Open,2026-03-26,Chris Gotterup,322988.00
GlizzyAtTheTurn,0dhkr87,Texas Children's Houston Open,2026-03-26,Chris Gotterup,322988.00
GopherHockey19,m3h87mr,Texas Children's Houston Open,2026-03-26,Sam Burns,96525.00
halliam1114,p8hdz40,Texas Children's Houston Open,2026-03-26,Harry Hall,59625.00
Jackson1441,43h9m9d,Texas Children's Houston Open,2026-03-26,Chris Gotterup,322988.00
JLUDEOBV,43h9376,Texas Children's Houston Open,2026-03-26,Kurt Kitayama,21879.00
jonescurtisw,dnhzxey,Texas Children's Houston Open,2026-03-26,Brooks Koepka,0.00
jtsalvetti,vnh36vq,Texas Children's Houston Open,2026-03-26,Chris Gotterup,322988.00
Jwhit25,53he4g4,Texas Children's Houston Open,2026-03-26,Michael Thorbjornsen,170775.00
Kbhoff,36hmp75,Texas Children's Houston Open,2026-03-26,Wyndham Clark,0.00
kotsko,36hmm9z,Texas Children's Houston Open,2026-03-26,Chris Gotterup,322988.00
Kriegs,m3h6nm8,Texas Children's Houston Open,2026-03-26,Sahith Theegala,259875.00
linkcalhoun,p8hd469,Texas Children's Houston Open,2026-03-26,Nicolai Hojgaard,1079100.00
Mbrowder,nehqwrq,Texas Children's Houston Open,2026-03-26,Michael Thorbjornsen,170775.00
MWalker9,53h0vzo,Texas Children's Houston Open,2026-03-26,Michael Thorbjornsen,170775.00
newcastle21,8vh9ek9,Texas Children's Houston Open,2026-03-26,Pierceson Coody,0.00
Nikopmelis,36hmn6j,Texas Children's Houston Open,2026-03-26,Marco Penge,0.00
one007,x0h7nzj,Texas Children's Houston Open,2026-03-26,Chris Gotterup,322988.00
Ottomatic,r8h6myq,Texas Children's Houston Open,2026-03-26,Brooks Koepka,0.00
pbyrne11,wrhmp93,Texas Children's Houston Open,2026-03-26,Brooks Koepka,0.00
picksixer360,m3h8mey,Texas Children's Houston Open,2026-03-26,Tony Finau,41085.00
Pjh5165,36hm6vj,Texas Children's Houston Open,2026-03-26,Jake Knapp,322988.00
Ponta01,x0h7wo6,Texas Children's Houston Open,2026-03-26,Sam Burns,96525.00
Rjsut727,erh7z6m,Texas Children's Houston Open,2026-03-26,Chris Gotterup,322988.00
Rye1987,36hm5jq,Texas Children's Houston Open,2026-03-26,Sam Burns,96525.00
SJUPRIDE10,64hmvvv,Texas Children's Houston Open,2026-03-26,Jake Knapp,322988.00
Skibasher,m3h6p00,Texas Children's Houston Open,2026-03-26,Jake Knapp,322988.00
Sullivanchris01,53hepg6,Texas Children's Houston Open,2026-03-26,Nicolai Hojgaard,1079100.00
talktob,vnh4gw5,Texas Children's Houston Open,2026-03-26,Chris Gotterup,322988.00
Tbargie,dnhzpdq,Texas Children's Houston Open,2026-03-26,Rickie Fowler,0.00
ThePME,36hogo7,Texas Children's Houston Open,2026-03-26,Sam Burns,96525.00
tice0101,x0h73j9,Texas Children's Houston Open,2026-03-26,Min Woo Lee,584100.00
Tiger4040,wrhm9kd,Texas Children's Houston Open,2026-03-26,Chris Gotterup,322988.00
Walshy0104,m3h80k9,Texas Children's Houston Open,2026-03-26,Marco Penge,0.00
Zsather,nehqkoz,Texas Children's Houston Open,2026-03-26,Sam Burns,96525.00
ADmun,m3h8gxx,Valero Texas Open,2026-04-02,Robert MacIntyre,741533.00
AKsREVENGE,oohwwvx,Valero Texas Open,2026-04-02,Sudarshan Yellamaraju,159250.00
andylicious,78ho83z,Valero Texas Open,2026-04-02,Ludvig Aberg,378525.00
balvari,0dh4357,Valero Texas Open,2026-04-02,Hideki Matsuyama,95550.00
BigBoKnows,53h0gr5,Valero Texas Open,2026-04-02,Si Woo Kim,237650.00
BigCat97,8vh9q4n,Valero Texas Open,2026-04-02,Ryo Hisatsune,296450.00
bpark88,36hm5ov,Valero Texas Open,2026-04-02,Maverick McNealy,95550.00
Cdimming,8vh9jk5,Valero Texas Open,2026-04-02,Robert MacIntyre,741533.00
Cjlemoin,gkh3m67,Valero Texas Open,2026-04-02,Rickie Fowler,0.00
DKWoods,wrhv6kg,Valero Texas Open,2026-04-02,Jordan Spieth,21364.00
Dreamweaver816,78hz953,Valero Texas Open,2026-04-02,Jordan Spieth,21364.00
Enicola0922,m3h6yyp,Valero Texas Open,2026-04-02,Maverick McNealy,95550.00
FlyingArmbar,p8hnkv6,Valero Texas Open,2026-04-02,Sepp Straka,0.00
GH23,erhw7xv,Valero Texas Open,2026-04-02,Maverick McNealy,95550.00
GlizzyAtTheTurn,0dhkr87,Valero Texas Open,2026-04-02,Jordan Spieth,21364.00
GopherHockey19,m3h87mr,Valero Texas Open,2026-04-02,Russell Henley,0.00
halliam1114,p8hdz40,Valero Texas Open,2026-04-02,Russell Henley,0.00
Jackson1441,43h9m9d,Valero Texas Open,2026-04-02,Si Woo Kim,237650.00
JLUDEOBV,43h9376,Valero Texas Open,2026-04-02,Jordan Spieth,21364.00
jonescurtisw,dnhzxey,Valero Texas Open,2026-04-02,Ryo Hisatsune,296450.00
jtsalvetti,vnh36vq,Valero Texas Open,2026-04-02,Ludvig Aberg,378525.00
Jwhit25,53he4g4,Valero Texas Open,2026-04-02,Robert MacIntyre,741533.00
Kbhoff,36hmp75,Valero Texas Open,2026-04-02,Jordan Spieth,21364.00
kotsko,36hmm9z,Valero Texas Open,2026-04-02,Jordan Spieth,21364.00
Kriegs,m3h6nm8,Valero Texas Open,2026-04-02,Michael Thorbjornsen,0.00
linkcalhoun,p8hd469,Valero Texas Open,2026-04-02,Si Woo Kim,237650.00
Mbrowder,nehqwrq,Valero Texas Open,2026-04-02,Keith Mitchell,0.00
MWalker9,53h0vzo,Valero Texas Open,2026-04-02,Sepp Straka,0.00
newcastle21,8vh9ek9,Valero Texas Open,2026-04-02,Sepp Straka,0.00
Nikopmelis,36hmn6j,Valero Texas Open,2026-04-02,Robert MacIntyre,741533.00
one007,x0h7nzj,Valero Texas Open,2026-04-02,Jordan Spieth,21364.00
Ottomatic,r8h6myq,Valero Texas Open,2026-04-02,Jordan Spieth,21364.00
pbyrne11,wrhmp93,Valero Texas Open,2026-04-02,Sepp Straka,0.00
picksixer360,m3h8mey,Valero Texas Open,2026-04-02,Russell Henley,0.00
Pjh5165,36hm6vj,Valero Texas Open,2026-04-02,Russell Henley,0.00
Rjsut727,erh7z6m,Valero Texas Open,2026-04-02,Si Woo Kim,237650.00
Rye1987,36hm5jq,Valero Texas Open,2026-04-02,Alex Noren,60025.00
SJUPRIDE10,64hmvvv,Valero Texas Open,2026-04-02,Jordan Spieth,21364.00
Skibasher,m3h6p00,Valero Texas Open,2026-04-02,Sepp Straka,0.00
Sullivanchris01,53hepg6,Valero Texas Open,2026-04-02,Maverick McNealy,95550.00
talktob,vnh4gw5,Valero Texas Open,2026-04-02,J.J. Spaun,1764000.00
Tbargie,dnhzpdq,Valero Texas Open,2026-04-02,Ryo Hisatsune,296450.00
ThePME,36hogo7,Valero Texas Open,2026-04-02,Sepp Straka,0.00
tice0101,x0h73j9,Valero Texas Open,2026-04-02,Rickie Fowler,0.00
Tiger4040,wrhm9kd,Valero Texas Open,2026-04-02,Si Woo Kim,237650.00
Walshy0104,m3h80k9,Valero Texas Open,2026-04-02,Robert MacIntyre,741533.00
Zsather,nehqkoz,Valero Texas Open,2026-04-02,Rickie Fowler,0.00
ADmun,m3h8gxx,Masters Tournament,2026-04-09,Jon Rahm,83250.00
AKsREVENGE,oohwwvx,Masters Tournament,2026-04-09,Xander Schauffele,630000.00
andylicious,78ho83z,Masters Tournament,2026-04-09,Si Woo Kim,65250.00
balvari,0dh4357,Masters Tournament,2026-04-09,Cameron Young,1080000.00
Bdavis7916,k6hyezx,Masters Tournament,2026-04-09,Bryson DeChambeau,0.00
BigBoKnows,53h0gr5,Masters Tournament,2026-04-09,Bryson DeChambeau,0.00
BigCat97,8vh9q4n,Masters Tournament,2026-04-09,Bryson DeChambeau,0.00
bpark88,36hm5ov,Masters Tournament,2026-04-09,Jon Rahm,83250.00
Cdimming,8vh9jk5,Masters Tournament,2026-04-09,Jon Rahm,83250.00
Cjlemoin,gkh3m67,Masters Tournament,2026-04-09,Akshay Bhatia,0.00
DKWoods,wrhv6kg,Masters Tournament,2026-04-09,Cameron Young,1080000.00
Dreamweaver816,78hz953,Masters Tournament,2026-04-09,Scottie Scheffler,2430000.00
Enicola0922,m3h6yyp,Masters Tournament,2026-04-09,Bryson DeChambeau,0.00
FlyingArmbar,p8hnkv6,Masters Tournament,2026-04-09,Cameron Young,1080000.00
GH23,erhw7xv,Masters Tournament,2026-04-09,Xander Schauffele,630000.00
GlizzyAtTheTurn,0dhkr87,Masters Tournament,2026-04-09,Jon Rahm,83250.00
GopherHockey19,m3h87mr,Masters Tournament,2026-04-09,Rory McIlroy,4500000.00
halliam1114,p8hdz40,Masters Tournament,2026-04-09,Xander Schauffele,630000.00
Jackson1441,43h9m9d,Masters Tournament,2026-04-09,Scottie Scheffler,2430000.00
JLUDEOBV,43h9376,Masters Tournament,2026-04-09,Ludvig Aberg,252000.00
jonescurtisw,dnhzxey,Masters Tournament,2026-04-09,Matt Fitzpatrick,315000.00
jtsalvetti,vnh36vq,Masters Tournament,2026-04-09,Xander Schauffele,630000.00
Jwhit25,53he4g4,Masters Tournament,2026-04-09,Scottie Scheffler,2430000.00
Kbhoff,36hmp75,Masters Tournament,2026-04-09,Tommy Fleetwood,146250.00
kotsko,36hmm9z,Masters Tournament,2026-04-09,Bryson DeChambeau,0.00
Kriegs,m3h6nm8,Masters Tournament,2026-04-09,Bryson DeChambeau,0.00
linkcalhoun,p8hd469,Masters Tournament,2026-04-09,Patrick Reed,427500.00
Mbrowder,nehqwrq,Masters Tournament,2026-04-09,Bryson DeChambeau,0.00
MWalker9,53h0vzo,Masters Tournament,2026-04-09,Bryson DeChambeau,0.00
newcastle21,8vh9ek9,Masters Tournament,2026-04-09,Sungjae Im,69750.00
Nikopmelis,36hmn6j,Masters Tournament,2026-04-09,Jon Rahm,83250.00
one007,x0h7nzj,Masters Tournament,2026-04-09,Xander Schauffele,630000.00
Ottomatic,r8h6myq,Masters Tournament,2026-04-09,Ludvig Aberg,252000.00
pbyrne11,wrhmp93,Masters Tournament,2026-04-09,Cameron Young,1080000.00
picksixer360,m3h8mey,Masters Tournament,2026-04-09,Jon Rahm,83250.00
Pjh5165,36hm6vj,Masters Tournament,2026-04-09,Rory McIlroy,4500000.00
Ponta01,x0h7wo6,Masters Tournament,2026-04-09,Jon Rahm,83250.00
Rjsut727,erh7z6m,Masters Tournament,2026-04-09,Ludvig Aberg,252000.00
Rye1987,36hm5jq,Masters Tournament,2026-04-09,Scottie Scheffler,2430000.00
SJUPRIDE10,64hmvvv,Masters Tournament,2026-04-09,Matt Fitzpatrick,315000.00
Skibasher,m3h6p00,Masters Tournament,2026-04-09,Scottie Scheffler,2430000.00
Sullivanchris01,53hepg6,Masters Tournament,2026-04-09,Tommy Fleetwood,146250.00
talktob,vnh4gw5,Masters Tournament,2026-04-09,Patrick Reed,427500.00
Tbargie,dnhzpdq,Masters Tournament,2026-04-09,Bryson DeChambeau,0.00
ThePME,36hogo7,Masters Tournament,2026-04-09,Rory McIlroy,4500000.00
tice0101,x0h73j9,Masters Tournament,2026-04-09,Jon Rahm,83250.00
Tiger4040,wrhm9kd,Masters Tournament,2026-04-09,Scottie Scheffler,2430000.00
Walshy0104,m3h80k9,Masters Tournament,2026-04-09,Jon Rahm,83250.00
Zsather,nehqkoz,Masters Tournament,2026-04-09,Xander Schauffele,630000.00
ADmun,m3h8gxx,RBC Heritage,2026-04-16,Scottie Scheffler,2160000.00
AKsREVENGE,oohwwvx,RBC Heritage,2026-04-16,Russell Henley,142750.00
andylicious,78ho83z,RBC Heritage,2026-04-16,Shane Lowry,55300.00
balvari,0dh4357,RBC Heritage,2026-04-16,Sepp Straka,55300.00
Bdavis7916,k6hyezx,RBC Heritage,2026-04-16,Matt Fitzpatrick,3600000.00
BigBoKnows,53h0gr5,RBC Heritage,2026-04-16,Scottie Scheffler,2160000.00
BigCat97,8vh9q4n,RBC Heritage,2026-04-16,Xander Schauffele,399250.00
bpark88,36hm5ov,RBC Heritage,2026-04-16,Xander Schauffele,399250.00
Cdimming,8vh9jk5,RBC Heritage,2026-04-16,Sam Burns,256694.00
Cjlemoin,gkh3m67,RBC Heritage,2026-04-16,Sudarshan Yellamaraju,43500.00
DKWoods,wrhv6kg,RBC Heritage,2026-04-16,Justin Thomas,31000.00
Dreamweaver816,78hz953,RBC Heritage,2026-04-16,Matt Fitzpatrick,3600000.00
Enicola0922,m3h6yyp,RBC Heritage,2026-04-16,Matt Fitzpatrick,3600000.00
FlyingArmbar,p8hnkv6,RBC Heritage,2026-04-16,Xander Schauffele,399250.00
GH23,erhw7xv,RBC Heritage,2026-04-16,Scottie Scheffler,2160000.00
GlizzyAtTheTurn,0dhkr87,RBC Heritage,2026-04-16,Scottie Scheffler,2160000.00
GopherHockey19,m3h87mr,RBC Heritage,2026-04-16,Matt Fitzpatrick,3600000.00
halliam1114,p8hdz40,RBC Heritage,2026-04-16,Viktor Hovland,55300.00
Jackson1441,43h9m9d,RBC Heritage,2026-04-16,Patrick Cantlay,555000.00
JLUDEOBV,43h9376,RBC Heritage,2026-04-16,Russell Henley,142750.00
jonescurtisw,dnhzxey,RBC Heritage,2026-04-16,Russell Henley,142750.00
jtsalvetti,vnh36vq,RBC Heritage,2026-04-16,Jordan Spieth,92444.00
Jwhit25,53he4g4,RBC Heritage,2026-04-16,Russell Henley,142750.00
Kbhoff,36hmp75,RBC Heritage,2026-04-16,Maverick McNealy,256694.00
kotsko,36hmm9z,RBC Heritage,2026-04-16,Patrick Cantlay,555000.00
Kriegs,m3h6nm8,RBC Heritage,2026-04-16,Matt Fitzpatrick,3600000.00
linkcalhoun,p8hd469,RBC Heritage,2026-04-16,Scottie Scheffler,2160000.00
Mbrowder,nehqwrq,RBC Heritage,2026-04-16,Xander Schauffele,399250.00
MWalker9,53h0vzo,RBC Heritage,2026-04-16,Russell Henley,142750.00
newcastle21,8vh9ek9,RBC Heritage,2026-04-16,Maverick McNealy,256694.00
Nikopmelis,36hmn6j,RBC Heritage,2026-04-16,Tommy Fleetwood,43500.00
one007,x0h7nzj,RBC Heritage,2026-04-16,Tommy Fleetwood,43500.00
Ottomatic,r8h6myq,RBC Heritage,2026-04-16,Matt Fitzpatrick,3600000.00
pbyrne11,wrhmp93,RBC Heritage,2026-04-16,Scottie Scheffler,2160000.00
picksixer360,m3h8mey,RBC Heritage,2026-04-16,Scottie Scheffler,2160000.00
Pjh5165,36hm6vj,RBC Heritage,2026-04-16,Chris Gotterup,142750.00
Ponta01,x0h7wo6,RBC Heritage,2026-04-16,Scottie Scheffler,2160000.00
Rjsut727,erh7z6m,RBC Heritage,2026-04-16,Xander Schauffele,399250.00
Rye1987,36hm5jq,RBC Heritage,2026-04-16,Matt Fitzpatrick,3600000.00
SJUPRIDE10,64hmvvv,RBC Heritage,2026-04-16,Tommy Fleetwood,43500.00
Skibasher,m3h6p00,RBC Heritage,2026-04-16,Justin Thomas,31000.00
Sullivanchris01,53hepg6,RBC Heritage,2026-04-16,Sam Burns,256694.00
talktob,vnh4gw5,RBC Heritage,2026-04-16,Patrick Cantlay,555000.00
Tbargie,dnhzpdq,RBC Heritage,2026-04-16,Patrick Cantlay,555000.00
ThePME,36hogo7,RBC Heritage,2026-04-16,Min Woo Lee,36500.00
tice0101,x0h73j9,RBC Heritage,2026-04-16,Russell Henley,142750.00
Tiger4040,wrhm9kd,RBC Heritage,2026-04-16,Ludvig Aberg,823333.00
Walshy0104,m3h80k9,RBC Heritage,2026-04-16,Tommy Fleetwood,43500.00
Zsather,nehqkoz,RBC Heritage,2026-04-16,Matt Fitzpatrick,3600000.00
ADmun,m3h8gxx,Cadillac Championship,2026-04-30,Cameron Young,3600000.00
AKsREVENGE,oohwwvx,Cadillac Championship,2026-04-30,Cameron Young,3600000.00
andylicious,78ho83z,Cadillac Championship,2026-04-30,Scottie Scheffler,2160000.00
balvari,0dh4357,Cadillac Championship,2026-04-30,Chris Gotterup,72182.00
Bdavis7916,k6hyezx,Cadillac Championship,2026-04-30,Min Woo Lee,260600.00
BigBoKnows,53h0gr5,Cadillac Championship,2026-04-30,Russell Henley,48500.00
BigCat97,8vh9q4n,Cadillac Championship,2026-04-30,Cameron Young,3600000.00
bpark88,36hm5ov,Cadillac Championship,2026-04-30,Viktor Hovland,72182.00
Cdimming,8vh9jk5,Cadillac Championship,2026-04-30,Collin Morikawa,41500.00
Cjlemoin,gkh3m67,Cadillac Championship,2026-04-30,Scottie Scheffler,2160000.00
DKWoods,wrhv6kg,Cadillac Championship,2026-04-30,Min Woo Lee,260600.00
Dreamweaver816,78hz953,Cadillac Championship,2026-04-30,Cameron Young,3600000.00
Enicola0922,m3h6yyp,Cadillac Championship,2026-04-30,Si Woo Kim,826667.00
FlyingArmbar,p8hnkv6,Cadillac Championship,2026-04-30,Chris Gotterup,72182.00
GH23,erhw7xv,Cadillac Championship,2026-04-30,Collin Morikawa,41500.00
GlizzyAtTheTurn,0dhkr87,Cadillac Championship,2026-04-30,Hideki Matsuyama,46000.00
GopherHockey19,m3h87mr,Cadillac Championship,2026-04-30,Cameron Young,3600000.00
halliam1114,p8hdz40,Cadillac Championship,2026-04-30,Justin Thomas,167143.00
Jackson1441,43h9m9d,Cadillac Championship,2026-04-30,Viktor Hovland,72182.00
JLUDEOBV,43h9376,Cadillac Championship,2026-04-30,Cameron Young,3600000.00
jonescurtisw,dnhzxey,Cadillac Championship,2026-04-30,Cameron Young,3600000.00
jtsalvetti,vnh36vq,Cadillac Championship,2026-04-30,Scottie Scheffler,2160000.00
Jwhit25,53he4g4,Cadillac Championship,2026-04-30,Min Woo Lee,260600.00
Kbhoff,36hmp75,Cadillac Championship,2026-04-30,Jake Knapp,0.00
kotsko,36hmm9z,Cadillac Championship,2026-04-30,Scottie Scheffler,2160000.00
Kriegs,m3h6nm8,Cadillac Championship,2026-04-30,Cameron Young,3600000.00
linkcalhoun,p8hd469,Cadillac Championship,2026-04-30,Gary Woodland,72182.00
Mbrowder,nehqwrq,Cadillac Championship,2026-04-30,Cameron Young,3600000.00
MWalker9,53h0vzo,Cadillac Championship,2026-04-30,Scottie Scheffler,2160000.00
newcastle21,8vh9ek9,Cadillac Championship,2026-04-30,Scottie Scheffler,2160000.00
Nikopmelis,36hmn6j,Cadillac Championship,2026-04-30,Cameron Young,3600000.00
one007,x0h7nzj,Cadillac Championship,2026-04-30,Scottie Scheffler,2160000.00
Ottomatic,r8h6myq,Cadillac Championship,2026-04-30,Scottie Scheffler,2160000.00
pbyrne11,wrhmp93,Cadillac Championship,2026-04-30,Si Woo Kim,826667.00
picksixer360,m3h8mey,Cadillac Championship,2026-04-30,Cameron Young,3600000.00
Pjh5165,36hm6vj,Cadillac Championship,2026-04-30,Scottie Scheffler,2160000.00
Ponta01,x0h7wo6,Cadillac Championship,2026-04-30,Cameron Young,3600000.00
Rjsut727,erh7z6m,Cadillac Championship,2026-04-30,Akshay Bhatia,167143.00
Rye1987,36hm5jq,Cadillac Championship,2026-04-30,Cameron Young,3600000.00
SJUPRIDE10,64hmvvv,Cadillac Championship,2026-04-30,Cameron Young,3600000.00
Skibasher,m3h6p00,Cadillac Championship,2026-04-30,Min Woo Lee,260600.00
Sullivanchris01,53hepg6,Cadillac Championship,2026-04-30,Collin Morikawa,41500.00
talktob,vnh4gw5,Cadillac Championship,2026-04-30,Harris English,44500.00
Tbargie,dnhzpdq,Cadillac Championship,2026-04-30,Adam Scott,826667.00
ThePME,36hogo7,Cadillac Championship,2026-04-30,Scottie Scheffler,2160000.00
tice0101,x0h73j9,Cadillac Championship,2026-04-30,Scottie Scheffler,2160000.00
Tiger4040,wrhm9kd,Cadillac Championship,2026-04-30,Cameron Young,3600000.00
Walshy0104,m3h80k9,Cadillac Championship,2026-04-30,Cameron Young,3600000.00
Zsather,nehqkoz,Cadillac Championship,2026-04-30,Cameron Young,3600000.00
