USER,TOURNAMENT,PICK,EARNINGS
bignasty500 (1),The Players Championship,S. Scheffler,301389
bignasty500 (1),Arnold Palmer Invitational presented by Mastercard,C. Morikawa,840000
bignasty500 (1),Cognizant Classic,S. Lowry,726400
bignasty500 (1),The Genesis Invitational,R. McIlroy,1800000
bignasty500 (1),AT&T Pebble Beach Pro-Am,R. Henley,235000
bignasty500 (1),WM Phoenix Open,H. Matsuyama,1046400
bignasty500 (1),Masters Tournament,J. Rahm,112500
bignasty500 (1),Valero Texas Open,S. Straka,-50000
bignasty500 (1),Texas Children's Houston Open,C. Gotterup,322988
bignasty500 (1),Valspar Championship,X. Schauffele,382958
bogeybros101 (1),The Players Championship,C. Young,5000000
bogeybros101 (1),Arnold Palmer Invitational presented by Mastercard,C. Morikawa,840000
bogeybros101 (1),Cognizant Classic,R. Hojgaard,252000
bogeybros101 (1),The Genesis Invitational,P. Cantlay,92250
bogeybros101 (1),AT&T Pebble Beach Pro-Am,R. Henley,235000
bogeybros101 (1),WM Phoenix Open,S. Woo Kim,439680
bogeybros101 (1),Masters Tournament,X. Schauffele,700000
bogeybros101 (1),Valero Texas Open,S. Straka,-50000
bogeybros101 (1),Texas Children's Houston Open,K. Kitayama,21879
bogeybros101 (1),Valspar Championship,R. Hisatsune,51142
bonesesh (1),The Players Championship,S. Scheffler,301389
bonesesh (1),Arnold Palmer Invitational presented by Mastercard,C. Morikawa,840000
bonesesh (1),Cognizant Classic,N. Hojgaard,324000
bonesesh (1),The Genesis Invitational,T. Fleetwood,603200
bonesesh (1),AT&T Pebble Beach Pro-Am,R. McIlroy,342750
bonesesh (1),WM Phoenix Open,S. Woo Kim,439680
bonesesh (1),Masters Tournament,C. Young,1200000
bonesesh (1),Valero Texas Open,R. Henley,-50000
bonesesh (1),Texas Children's Houston Open,C. Gotterup,322988
bonesesh (1),Valspar Championship,M. Fitzpatrick,1638000
briancjo (1),The Players Championship,T. Fleetwood,812500
briancjo (1),Arnold Palmer Invitational presented by Mastercard,C. Morikawa,840000
briancjo (1),Cognizant Classic,R. Gerard,77600
briancjo (1),The Genesis Invitational,S. Scheffler,415000
briancjo (1),AT&T Pebble Beach Pro-Am,R. Henley,235000
briancjo (1),WM Phoenix Open,S. Woo Kim,439680
briancjo (1),Masters Tournament,R. McIlroy,5000000
briancjo (1),Valero Texas Open,R. MacIntyre,741533
briancjo (1),Texas Children's Houston Open,C. Gotterup,322988
briancjo (1),Valspar Championship,B. Koepka,108290
C-Alt24 (1),The Players Championship,L. Aberg,1027778
C-Alt24 (1),Arnold Palmer Invitational presented by Mastercard,C. Morikawa,840000
C-Alt24 (1),Cognizant Classic,R. Neergaard-Petersen,31776
C-Alt24 (1),The Genesis Invitational,M. Fitzpatrick,178250
C-Alt24 (1),AT&T Pebble Beach Pro-Am,R. Henley,235000
C-Alt24 (1),WM Phoenix Open,S. Woo Kim,439680
C-Alt24 (1),Masters Tournament,S. Scheffler,2700000
C-Alt24 (1),Valero Texas Open,R. MacIntyre,741533
C-Alt24 (1),Texas Children's Houston Open,M. Thorbjornsen,170775
C-Alt24 (1),Valspar Championship,R. Hisatsune,51142
cbhoskins (1),The Players Championship,C. Young,5000000
cbhoskins (1),Arnold Palmer Invitational presented by Mastercard,C. Morikawa,840000
cbhoskins (1),Cognizant Classic,K. Mitchell,324000
cbhoskins (1),The Genesis Invitational,P. Cantlay,92250
cbhoskins (1),AT&T Pebble Beach Pro-Am,J. Day,162000
cbhoskins (1),WM Phoenix Open,M. McNealy,188000
cbhoskins (1),Masters Tournament,J. Rahm,112500
cbhoskins (1),Valero Texas Open,S. Straka,-50000
cbhoskins (1),Texas Children's Houston Open,C. Gotterup,322988
cbhoskins (1),Valspar Championship,J. Bridgeman,161525
cookiemonsterz (1),The Players Championship,C. Morikawa,0
cookiemonsterz (1),Arnold Palmer Invitational presented by Mastercard,J. Knapp,0
cookiemonsterz (1),Cognizant Classic,R. Gerard,77600
cookiemonsterz (1),The Genesis Invitational,H. Matsuyama,136500
cookiemonsterz (1),AT&T Pebble Beach Pro-Am,J. Rose,78375
cookiemonsterz (1),WM Phoenix Open,C. Gotterup,1728000
cookiemonsterz (1),Masters Tournament,S. Scheffler,2700000
cookiemonsterz (1),Valero Texas Open,M. Thorbjornsen,-50000
cookiemonsterz (1),Texas Children's Houston Open,B. Koepka,-50000
cookiemonsterz (1),Valspar Championship,C. Conners,161525
cristalblanco (3),The Players Championship,L. Aberg,1027778
cristalblanco (3),Arnold Palmer Invitational presented by Mastercard,T. Fleetwood,56000
cristalblanco (3),Cognizant Classic,S. Lowry,726400
cristalblanco (3),The Genesis Invitational,R. McIlroy,1800000
cristalblanco (3),AT&T Pebble Beach Pro-Am,J. Rose,78375
cristalblanco (3),WM Phoenix Open,C. Gotterup,1728000
cristalblanco (3),Masters Tournament,M. Fitzpatrick,350000
cristalblanco (3),Valero Texas Open,J. Spieth,21364
cristalblanco (3),Texas Children's Houston Open,M. Woo Lee,584100
cristalblanco (3),Valspar Championship,J. Thomas,51142
DB730 (1),The Players Championship,C. Young,5000000
DB730 (1),Arnold Palmer Invitational presented by Mastercard,R. McIlroy,0
DB730 (1),Cognizant Classic,A. Rai,77600
DB730 (1),The Genesis Invitational,H. Matsuyama,136500
DB730 (1),AT&T Pebble Beach Pro-Am,V. Hovland,39750
DB730 (1),WM Phoenix Open,M. McNealy,188000
DB730 (1),Masters Tournament,J. Rahm,112500
DB730 (1),Valero Texas Open,R. Fowler,-50000
DB730 (1),Texas Children's Houston Open,J. Knapp,322988
DB730 (1),Valspar Championship,B. Koepka,108290
dixie (1),The Players Championship,L. Aberg,1027778
dixie (1),Arnold Palmer Invitational presented by Mastercard,K. Kitayama,261000
dixie (1),Cognizant Classic,N. Echavarria,1728000
dixie (1),The Genesis Invitational,C. Morikawa,603200
dixie (1),AT&T Pebble Beach Pro-Am,S. Scheffler,877500
dixie (1),WM Phoenix Open,C. Gotterup,1728000
dixie (1),Masters Tournament,J. Rahm,112500
dixie (1),Valero Texas Open,R. Hisatsune,296450
dixie (1),Texas Children's Houston Open,M. Thorbjornsen,170775
dixie (1),Valspar Championship,J. Thomas,51142
DKDKDKDK (1),The Players Championship,L. Aberg,1027778
DKDKDKDK (1),Arnold Palmer Invitational presented by Mastercard,C. Morikawa,840000
DKDKDKDK (1),Cognizant Classic,N. Hojgaard,324000
DKDKDKDK (1),The Genesis Invitational,T. Fleetwood,603200
DKDKDKDK (1),AT&T Pebble Beach Pro-Am,V. Hovland,39750
DKDKDKDK (1),WM Phoenix Open,C. Gotterup,1728000
DKDKDKDK (1),Masters Tournament,J. Rahm,112500
DKDKDKDK (1),Valero Texas Open,S. Straka,-50000
DKDKDKDK (1),Texas Children's Houston Open,J. Knapp,322988
DKDKDKDK (1),Valspar Championship,J. Bridgeman,161525
driveroffthedeck (1),The Players Championship,C. Morikawa,0
driveroffthedeck (1),Arnold Palmer Invitational presented by Mastercard,T. Fleetwood,56000
driveroffthedeck (1),Cognizant Classic,S. Lowry,726400
driveroffthedeck (1),The Genesis Invitational,X. Schauffele,603200
driveroffthedeck (1),AT&T Pebble Beach Pro-Am,V. Hovland,39750
driveroffthedeck (1),WM Phoenix Open,S. Woo Kim,439680
driveroffthedeck (1),Masters Tournament,S. Scheffler,2700000
driveroffthedeck (1),Valero Texas Open,S. Straka,-50000
driveroffthedeck (1),Texas Children's Houston Open,N. Hojgaard,1079100
driveroffthedeck (1),Valspar Championship,J. Bridgeman,161525
fishbeinb (1),The Players Championship,T. Fleetwood,812500
fishbeinb (1),Arnold Palmer Invitational presented by Mastercard,M. Fitzpatrick,78000
fishbeinb (1),Cognizant Classic,S. Lowry,726400
fishbeinb (1),The Genesis Invitational,R. McIlroy,1800000
fishbeinb (1),AT&T Pebble Beach Pro-Am,X. Schauffele,235000
fishbeinb (1),WM Phoenix Open,C. Morikawa,22272
fishbeinb (1),Masters Tournament,C. Young,1200000
fishbeinb (1),Valero Texas Open,R. Fowler,-50000
fishbeinb (1),Texas Children's Houston Open,C. Gotterup,322988
fishbeinb (1),Valspar Championship,J. Thomas,51142
fishbeinb (4),The Players Championship,C. Morikawa,0
fishbeinb (4),Arnold Palmer Invitational presented by Mastercard,S. Scheffler,157000
fishbeinb (4),Cognizant Classic,R. Gerard,77600
fishbeinb (4),The Genesis Invitational,H. Matsuyama,136500
fishbeinb (4),AT&T Pebble Beach Pro-Am,M. McNealy,125200
fishbeinb (4),WM Phoenix Open,C. Gotterup,1728000
fishbeinb (4),Masters Tournament,J. Rahm,112500
fishbeinb (4),Valero Texas Open,J. Spaun,1764000
fishbeinb (4),Texas Children's Houston Open,M. Woo Lee,584100
fishbeinb (4),Valspar Championship,J. Bridgeman,161525
fishbeinb (5),The Players Championship,H. Matsuyama,198611
fishbeinb (5),Arnold Palmer Invitational presented by Mastercard,X. Schauffele,157000
fishbeinb (5),Cognizant Classic,S. Lowry,726400
fishbeinb (5),The Genesis Invitational,T. Fleetwood,603200
fishbeinb (5),AT&T Pebble Beach Pro-Am,J. Rose,78375
fishbeinb (5),WM Phoenix Open,C. Gotterup,1728000
fishbeinb (5),Masters Tournament,R. McIlroy,5000000
fishbeinb (5),Valero Texas Open,R. Fowler,-50000
fishbeinb (5),Texas Children's Houston Open,M. Woo Lee,584100
fishbeinb (5),Valspar Championship,J. Thomas,51142
gafftop (1),The Players Championship,C. Young,5000000
gafftop (1),Arnold Palmer Invitational presented by Mastercard,R. Fowler,578000
gafftop (1),Cognizant Classic,M. Meissner,-50000
gafftop (1),The Genesis Invitational,J. Knapp,760000
gafftop (1),AT&T Pebble Beach Pro-Am,J. Rose,78375
gafftop (1),WM Phoenix Open,H. Li,-50000
gafftop (1),Masters Tournament,J. Rahm,112500
gafftop (1),Valero Texas Open,K. Mitchell,-50000
gafftop (1),Texas Children's Houston Open,M. Woo Lee,584100
gafftop (1),Valspar Championship,R. Hisatsune,51142
hatchattack (1),The Players Championship,C. Young,5000000
hatchattack (1),Arnold Palmer Invitational presented by Mastercard,C. Morikawa,840000
hatchattack (1),Cognizant Classic,R. Gerard,77600
hatchattack (1),The Genesis Invitational,H. Matsuyama,136500
hatchattack (1),AT&T Pebble Beach Pro-Am,S. Woo Kim,57000
hatchattack (1),WM Phoenix Open,M. McNealy,188000
hatchattack (1),Masters Tournament,B. DeChambeau,-55556
hatchattack (1),Valero Texas Open,J. Spieth,21364
hatchattack (1),Texas Children's Houston Open,M. Woo Lee,584100
hatchattack (1),Valspar Championship,J. Bridgeman,161525
jmac903 (1),The Players Championship,L. Aberg,1027778
jmac903 (1),Arnold Palmer Invitational presented by Mastercard,S. Woo Kim,373200
jmac903 (1),Cognizant Classic,R. Hojgaard,252000
jmac903 (1),The Genesis Invitational,X. Schauffele,603200
jmac903 (1),AT&T Pebble Beach Pro-Am,M. McNealy,125200
jmac903 (1),WM Phoenix Open,C. Morikawa,22272
jmac903 (1),Masters Tournament,S. Scheffler,2700000
jmac903 (1),Valero Texas Open,J. Spieth,21364
jmac903 (1),Texas Children's Houston Open,S. Burns,96525
jmac903 (1),Valspar Championship,J. Thomas,51142
JoBuNeedsARefill1 (2),The Players Championship,T. Fleetwood,812500
JoBuNeedsARefill1 (2),Arnold Palmer Invitational presented by Mastercard,C. Morikawa,840000
JoBuNeedsARefill1 (2),Cognizant Classic,S. Lowry,726400
JoBuNeedsARefill1 (2),The Genesis Invitational,S. Scheffler,415000
JoBuNeedsARefill1 (2),AT&T Pebble Beach Pro-Am,R. Henley,235000
JoBuNeedsARefill1 (2),WM Phoenix Open,C. Gotterup,1728000
JoBuNeedsARefill1 (2),Masters Tournament,B. DeChambeau,-55556
JoBuNeedsARefill1 (2),Valero Texas Open,S. Straka,-50000
JoBuNeedsARefill1 (2),Texas Children's Houston Open,J. Knapp,322988
JoBuNeedsARefill1 (2),Valspar Championship,V. Hovland,-50000
jrdzik (1),The Players Championship,T. Fleetwood,812500
jrdzik (1),Arnold Palmer Invitational presented by Mastercard,M. Fitzpatrick,78000
jrdzik (1),Cognizant Classic,J. Keefer,-50000
jrdzik (1),The Genesis Invitational,H. Matsuyama,136500
jrdzik (1),AT&T Pebble Beach Pro-Am,V. Hovland,39750
jrdzik (1),WM Phoenix Open,S. Woo Kim,439680
jrdzik (1),Masters Tournament,S. Scheffler,2700000
jrdzik (1),Valero Texas Open,D. McCarthy,-50000
jrdzik (1),Texas Children's Houston Open,S. Burns,96525
jrdzik (1),Valspar Championship,C. Conners,161525
justinmacmahan (1),The Players Championship,C. Morikawa,0
justinmacmahan (1),Arnold Palmer Invitational presented by Mastercard,T. Fleetwood,56000
justinmacmahan (1),Cognizant Classic,N. Hojgaard,324000
justinmacmahan (1),The Genesis Invitational,R. McIlroy,1800000
justinmacmahan (1),AT&T Pebble Beach Pro-Am,R. Henley,235000
justinmacmahan (1),WM Phoenix Open,C. Gotterup,1728000
justinmacmahan (1),Masters Tournament,P. Reed,475000
justinmacmahan (1),Valero Texas Open,R. Hisatsune,296450
justinmacmahan (1),Texas Children's Houston Open,A. Scott,96525
justinmacmahan (1),Valspar Championship,V. Hovland,-50000
justinmacmahan (4),The Players Championship,L. Aberg,1027778
justinmacmahan (4),Arnold Palmer Invitational presented by Mastercard,M. Fitzpatrick,78000
justinmacmahan (4),Cognizant Classic,M. Thorbjornsen,-50000
justinmacmahan (4),The Genesis Invitational,M. Woo Lee,415000
justinmacmahan (4),AT&T Pebble Beach Pro-Am,P. Cantlay,342750
justinmacmahan (4),WM Phoenix Open,X. Schauffele,34080
justinmacmahan (4),Masters Tournament,J. Rose,1200000
justinmacmahan (4),Valero Texas Open,J. Spaun,1764000
justinmacmahan (4),Texas Children's Houston Open,R. Gerard,-50000
justinmacmahan (4),Valspar Championship,N. Taylor,-50000
justinmacmahan (5),The Players Championship,C. Young,5000000
justinmacmahan (5),Arnold Palmer Invitational presented by Mastercard,S. Lowry,-50000
justinmacmahan (5),Cognizant Classic,M. Meissner,-50000
justinmacmahan (5),The Genesis Invitational,H. Matsuyama,136500
justinmacmahan (5),AT&T Pebble Beach Pro-Am,V. Hovland,39750
justinmacmahan (5),WM Phoenix Open,S. Woo Kim,439680
justinmacmahan (5),Masters Tournament,L. Aberg,280000
justinmacmahan (5),Valero Texas Open,R. Henley,-50000
justinmacmahan (5),Texas Children's Houston Open,C. Gotterup,322988
justinmacmahan (5),Valspar Championship,P. Cantlay,276413
kapantal (1),The Players Championship,C. Young,5000000
kapantal (1),Arnold Palmer Invitational presented by Mastercard,C. Morikawa,840000
kapantal (1),Cognizant Classic,N. Hojgaard,324000
kapantal (1),The Genesis Invitational,M. Fitzpatrick,178250
kapantal (1),AT&T Pebble Beach Pro-Am,R. Henley,235000
kapantal (1),WM Phoenix Open,H. Matsuyama,1046400
kapantal (1),Masters Tournament,S. Scheffler,2700000
kapantal (1),Valero Texas Open,S. Straka,-50000
kapantal (1),Texas Children's Houston Open,C. Gotterup,322988
kapantal (1),Valspar Championship,S. Theegala,-50000
krutches (1),The Players Championship,J. Knapp,-55556
krutches (1),Arnold Palmer Invitational presented by Mastercard,C. Morikawa,840000
krutches (1),Cognizant Classic,N. Hojgaard,324000
krutches (1),The Genesis Invitational,P. Cantlay,92250
krutches (1),AT&T Pebble Beach Pro-Am,R. Henley,235000
krutches (1),WM Phoenix Open,C. Gotterup,1728000
krutches (1),Masters Tournament,R. McIlroy,5000000
krutches (1),Valero Texas Open,S. Woo Kim,237650
krutches (1),Texas Children's Houston Open,M. Woo Lee,584100
krutches (1),Valspar Championship,R. Hisatsune,51142
lundynuts (1),The Players Championship,T. Fleetwood,812500
lundynuts (1),Arnold Palmer Invitational presented by Mastercard,R. Henley,702000
lundynuts (1),Cognizant Classic,S. Lowry,726400
lundynuts (1),The Genesis Invitational,P. Cantlay,92250
lundynuts (1),AT&T Pebble Beach Pro-Am,V. Hovland,39750
lundynuts (1),WM Phoenix Open,H. Matsuyama,1046400
lundynuts (1),Masters Tournament,X. Schauffele,700000
lundynuts (1),Valero Texas Open,M. McNealy,95550
lundynuts (1),Texas Children's Houston Open,J. Knapp,322988
lundynuts (1),Valspar Championship,J. Spaun,-50000
McKenzie Scotts Tots (1),The Players Championship,S. Woo Kim,67870
McKenzie Scotts Tots (1),Arnold Palmer Invitational presented by Mastercard,R. McIlroy,0
McKenzie Scotts Tots (1),Cognizant Classic,A. Rai,77600
McKenzie Scotts Tots (1),The Genesis Invitational,X. Schauffele,603200
McKenzie Scotts Tots (1),AT&T Pebble Beach Pro-Am,R. Henley,235000
McKenzie Scotts Tots (1),WM Phoenix Open,C. Young,34080
McKenzie Scotts Tots (1),Masters Tournament,S. Scheffler,2700000
McKenzie Scotts Tots (1),Valero Texas Open,R. MacIntyre,741533
McKenzie Scotts Tots (1),Texas Children's Houston Open,J. Knapp,322988
McKenzie Scotts Tots (1),Valspar Championship,J. Thomas,51142
nelsonmonteith (1),The Players Championship,C. Morikawa,0
nelsonmonteith (1),Arnold Palmer Invitational presented by Mastercard,M. Fitzpatrick,78000
nelsonmonteith (1),Cognizant Classic,R. Gerard,77600
nelsonmonteith (1),The Genesis Invitational,T. Fleetwood,603200
nelsonmonteith (1),AT&T Pebble Beach Pro-Am,S. Woo Kim,57000
nelsonmonteith (1),WM Phoenix Open,H. Matsuyama,1046400
nelsonmonteith (1),Masters Tournament,S. Scheffler,2700000
nelsonmonteith (1),Valero Texas Open,R. MacIntyre,741533
nelsonmonteith (1),Texas Children's Houston Open,J. Knapp,322988
nelsonmonteith (1),Valspar Championship,R. Hisatsune,51142
norips (1),The Players Championship,R. Henley,454476
norips (1),Arnold Palmer Invitational presented by Mastercard,C. Morikawa,840000
norips (1),Cognizant Classic,N. Hojgaard,324000
norips (1),The Genesis Invitational,T. Fleetwood,603200
norips (1),AT&T Pebble Beach Pro-Am,S. Woo Kim,57000
norips (1),WM Phoenix Open,P. Coody,242400
norips (1),Masters Tournament,P. Reed,475000
norips (1),Valero Texas Open,R. MacIntyre,741533
norips (1),Texas Children's Houston Open,M. Woo Lee,584100
norips (1),Valspar Championship,J. Bridgeman,161525
ojlimpsin (3),The Players Championship,R. Henley,454476
ojlimpsin (3),Arnold Palmer Invitational presented by Mastercard,S. Lowry,-50000
ojlimpsin (3),Cognizant Classic,N. Hojgaard,324000
ojlimpsin (3),The Genesis Invitational,S. Woo Kim,109000
ojlimpsin (3),AT&T Pebble Beach Pro-Am,X. Schauffele,235000
ojlimpsin (3),WM Phoenix Open,C. Gotterup,1728000
ojlimpsin (3),Masters Tournament,S. Scheffler,2700000
ojlimpsin (3),Valero Texas Open,J. Spieth,21364
ojlimpsin (3),Texas Children's Houston Open,R. Fowler,-50000
ojlimpsin (3),Valspar Championship,R. Hisatsune,51142
ojlimpsin (5),The Players Championship,M. Fitzpatrick,3027778
ojlimpsin (5),Arnold Palmer Invitational presented by Mastercard,R. McIlroy,0
ojlimpsin (5),Cognizant Classic,R. Neergaard-Petersen,31776
ojlimpsin (5),The Genesis Invitational,X. Schauffele,603200
ojlimpsin (5),AT&T Pebble Beach Pro-Am,J. Knapp,515000
ojlimpsin (5),WM Phoenix Open,J. Spieth,-50000
ojlimpsin (5),Masters Tournament,J. Rahm,112500
ojlimpsin (5),Valero Texas Open,L. Aberg,378525
ojlimpsin (5),Texas Children's Houston Open,C. Gotterup,322988
ojlimpsin (5),Valspar Championship,V. Hovland,-50000
ParFiveCollective (1),The Players Championship,C. Morikawa,0
ParFiveCollective (1),Arnold Palmer Invitational presented by Mastercard,M. Fitzpatrick,78000
ParFiveCollective (1),Cognizant Classic,S. Lowry,726400
ParFiveCollective (1),The Genesis Invitational,X. Schauffele,603200
ParFiveCollective (1),AT&T Pebble Beach Pro-Am,J. Rose,78375
ParFiveCollective (1),WM Phoenix Open,C. Gotterup,1728000
ParFiveCollective (1),Masters Tournament,L. Aberg,280000
ParFiveCollective (1),Valero Texas Open,S. Woo Kim,237650
ParFiveCollective (1),Texas Children's Houston Open,N. Hojgaard,1079100
ParFiveCollective (1),Valspar Championship,J. Thomas,51142
presswhenyourpissed (1),The Players Championship,T. Fleetwood,812500
presswhenyourpissed (1),Arnold Palmer Invitational presented by Mastercard,C. Morikawa,840000
presswhenyourpissed (1),Cognizant Classic,N. Hojgaard,324000
presswhenyourpissed (1),The Genesis Invitational,M. Fitzpatrick,178250
presswhenyourpissed (1),AT&T Pebble Beach Pro-Am,S. Woo Kim,57000
presswhenyourpissed (1),WM Phoenix Open,H. Matsuyama,1046400
presswhenyourpissed (1),Masters Tournament,S. Scheffler,2700000
presswhenyourpissed (1),Valero Texas Open,J. Spieth,21364
presswhenyourpissed (1),Texas Children's Houston Open,K. Kitayama,21879
presswhenyourpissed (1),Valspar Championship,J. Thomas,51142
princetonians (1),The Players Championship,M. Woo Lee,142500
princetonians (1),Arnold Palmer Invitational presented by Mastercard,T. Fleetwood,56000
princetonians (1),Cognizant Classic,S. Lowry,726400
princetonians (1),The Genesis Invitational,P. Cantlay,92250
princetonians (1),AT&T Pebble Beach Pro-Am,J. Rose,78375
princetonians (1),WM Phoenix Open,S. Theegala,122720
princetonians (1),Masters Tournament,S. Scheffler,2700000
princetonians (1),Valero Texas Open,R. Hisatsune,296450
princetonians (1),Texas Children's Houston Open,W. Clark,-50000
princetonians (1),Valspar Championship,J. Spieth,211575
rickrungood (1),The Players Championship,L. Aberg,1027778
rickrungood (1),Arnold Palmer Invitational presented by Mastercard,C. Morikawa,840000
rickrungood (1),Cognizant Classic,R. Gerard,77600
rickrungood (1),The Genesis Invitational,S. Scheffler,415000
rickrungood (1),AT&T Pebble Beach Pro-Am,R. Henley,235000
rickrungood (1),WM Phoenix Open,M. McNealy,188000
rickrungood (1),Masters Tournament,C. Young,1200000
rickrungood (1),Valero Texas Open,S. Straka,-50000
rickrungood (1),Texas Children's Houston Open,C. Gotterup,322988
rickrungood (1),Valspar Championship,B. Koepka,108290
rochman77 (1),The Players Championship,J. Knapp,-55556
rochman77 (1),Arnold Palmer Invitational presented by Mastercard,P. Coody,-50000
rochman77 (1),Cognizant Classic,M. McGreevy,31776
rochman77 (1),The Genesis Invitational,H. English,224500
rochman77 (1),AT&T Pebble Beach Pro-Am,P. Cantlay,342750
rochman77 (1),WM Phoenix Open,X. Schauffele,34080
rochman77 (1),Masters Tournament,R. McIlroy,5000000
rochman77 (1),Valero Texas Open,J. Spieth,21364
rochman77 (1),Texas Children's Houston Open,B. Koepka,-50000
rochman77 (1),Valspar Championship,M. Fitzpatrick,1638000
ryanhojo22 (3),The Players Championship,S. Woo Kim,67870
ryanhojo22 (3),Arnold Palmer Invitational presented by Mastercard,M. Fitzpatrick,78000
ryanhojo22 (3),Cognizant Classic,S. Lowry,726400
ryanhojo22 (3),The Genesis Invitational,T. Fleetwood,603200
ryanhojo22 (3),AT&T Pebble Beach Pro-Am,S. Scheffler,877500
ryanhojo22 (3),WM Phoenix Open,H. Matsuyama,1046400
ryanhojo22 (3),Masters Tournament,J. Rahm,112500
ryanhojo22 (3),Valero Texas Open,R. MacIntyre,741533
ryanhojo22 (3),Texas Children's Houston Open,B. Koepka,-50000
ryanhojo22 (3),Valspar Championship,C. Conners,161525
scott_c_434 (1),The Players Championship,S. Woo Kim,67870
scott_c_434 (1),Arnold Palmer Invitational presented by Mastercard,C. Morikawa,840000
scott_c_434 (1),Cognizant Classic,N. Hojgaard,324000
scott_c_434 (1),The Genesis Invitational,R. McIlroy,1800000
scott_c_434 (1),AT&T Pebble Beach Pro-Am,R. Henley,235000
scott_c_434 (1),WM Phoenix Open,J. Knapp,300000
scott_c_434 (1),Masters Tournament,C. Young,1200000
scott_c_434 (1),Valero Texas Open,S. Straka,-50000
scott_c_434 (1),Texas Children's Houston Open,T. Finau,41085
scott_c_434 (1),Valspar Championship,C. Conners,161525
Seanpins (1),The Players Championship,R. MacIntyre,1361111
Seanpins (1),Arnold Palmer Invitational presented by Mastercard,R. Henley,702000
Seanpins (1),Cognizant Classic,S. Lowry,726400
Seanpins (1),The Genesis Invitational,J. Knapp,760000
Seanpins (1),AT&T Pebble Beach Pro-Am,H. Matsuyama,515000
Seanpins (1),WM Phoenix Open,S. Woo Kim,439680
Seanpins (1),Masters Tournament,J. Rahm,112500
Seanpins (1),Valero Texas Open,T. Fleetwood,237650
Seanpins (1),Texas Children's Houston Open,N. Hojgaard,1079100
Seanpins (1),Valspar Championship,M. Fitzpatrick,1638000
soonertrojan (1),The Players Championship,S. Scheffler,301389
soonertrojan (1),Arnold Palmer Invitational presented by Mastercard,C. Morikawa,840000
soonertrojan (1),Cognizant Classic,S. Lowry,726400
soonertrojan (1),The Genesis Invitational,R. McIlroy,1800000
soonertrojan (1),AT&T Pebble Beach Pro-Am,P. Cantlay,342750
soonertrojan (1),WM Phoenix Open,H. Matsuyama,1046400
soonertrojan (1),Masters Tournament,X. Schauffele,700000
soonertrojan (1),Valero Texas Open,R. Henley,-50000
soonertrojan (1),Texas Children's Houston Open,A. Scott,96525
soonertrojan (1),Valspar Championship,V. Hovland,-50000
sportsrgood55 (1),The Players Championship,R. Henley,454476
sportsrgood55 (1),Arnold Palmer Invitational presented by Mastercard,C. Morikawa,840000
sportsrgood55 (1),Cognizant Classic,R. Neergaard-Petersen,31776
sportsrgood55 (1),The Genesis Invitational,R. McIlroy,1800000
sportsrgood55 (1),AT&T Pebble Beach Pro-Am,J. Rose,78375
sportsrgood55 (1),WM Phoenix Open,M. McNealy,188000
sportsrgood55 (1),Masters Tournament,X. Schauffele,700000
sportsrgood55 (1),Valero Texas Open,J. Spieth,21364
sportsrgood55 (1),Texas Children's Houston Open,C. Gotterup,322988
sportsrgood55 (1),Valspar Championship,J. Bridgeman,161525
thehun73 (1),The Players Championship,S. Scheffler,301389
thehun73 (1),Arnold Palmer Invitational presented by Mastercard,C. Morikawa,840000
thehun73 (1),Cognizant Classic,S. Lowry,726400
thehun73 (1),The Genesis Invitational,H. Matsuyama,136500
thehun73 (1),AT&T Pebble Beach Pro-Am,J. Rose,78375
thehun73 (1),WM Phoenix Open,M. McNealy,188000
thehun73 (1),Masters Tournament,R. McIlroy,5000000
thehun73 (1),Valero Texas Open,S. Straka,-50000
thehun73 (1),Texas Children's Houston Open,C. Gotterup,322988
thehun73 (1),Valspar Championship,V. Hovland,-50000
themeats1 (1),The Players Championship,V. Hovland,454476
themeats1 (1),Arnold Palmer Invitational presented by Mastercard,S. Scheffler,157000
themeats1 (1),Cognizant Classic,N. Hojgaard,324000
themeats1 (1),The Genesis Invitational,R. McIlroy,1800000
themeats1 (1),AT&T Pebble Beach Pro-Am,R. Henley,235000
themeats1 (1),WM Phoenix Open,H. Matsuyama,1046400
themeats1 (1),Masters Tournament,M. Fitzpatrick,350000
themeats1 (1),Valero Texas Open,R. MacIntyre,741533
themeats1 (1),Texas Children's Houston Open,K. Kitayama,21879
themeats1 (1),Valspar Championship,J. Bridgeman,161525
tsmiller3 (1),The Players Championship,C. Young,5000000
tsmiller3 (1),Arnold Palmer Invitational presented by Mastercard,M. Fitzpatrick,78000
tsmiller3 (1),Cognizant Classic,K. Mitchell,324000
tsmiller3 (1),The Genesis Invitational,T. Fleetwood,603200
tsmiller3 (1),AT&T Pebble Beach Pro-Am,R. Henley,235000
tsmiller3 (1),WM Phoenix Open,S. Woo Kim,439680
tsmiller3 (1),Masters Tournament,S. Scheffler,2700000
tsmiller3 (1),Valero Texas Open,R. MacIntyre,741533
tsmiller3 (1),Texas Children's Houston Open,B. Koepka,-50000
tsmiller3 (1),Valspar Championship,J. Thomas,51142
twoladsandanape (1),The Players Championship,L. Aberg,1027778
twoladsandanape (1),Arnold Palmer Invitational presented by Mastercard,S. Lowry,-50000
twoladsandanape (1),Cognizant Classic,N. Hojgaard,324000
twoladsandanape (1),The Genesis Invitational,X. Schauffele,603200
twoladsandanape (1),AT&T Pebble Beach Pro-Am,R. Henley,235000
twoladsandanape (1),WM Phoenix Open,P. Coody,242400
twoladsandanape (1),Masters Tournament,S. Scheffler,2700000
twoladsandanape (1),Valero Texas Open,J. Spieth,21364
twoladsandanape (1),Texas Children's Houston Open,M. Penge,-50000
twoladsandanape (1),Valspar Championship,R. Hisatsune,51142
twssquad (1),The Players Championship,X. Schauffele,1916667
twssquad (1),Arnold Palmer Invitational presented by Mastercard,C. Morikawa,840000
twssquad (1),The Genesis Invitational,L. Aberg,259500
twssquad (1),AT&T Pebble Beach Pro-Am,M. McNealy,125200
twssquad (1),WM Phoenix Open,H. Matsuyama,1046400
twssquad (1),Masters Tournament,S. Scheffler,2700000
twssquad (1),Valero Texas Open,R. MacIntyre,741533
twssquad (1),Texas Children's Houston Open,S. Theegala,259875
twssquad (1),Valspar Championship,J. Bridgeman,161525
twssquad (1),,,
tzentner (1),The Players Championship,T. Fleetwood,812500
tzentner (1),Arnold Palmer Invitational presented by Mastercard,C. Morikawa,840000
tzentner (1),Cognizant Classic,S. Lowry,726400
tzentner (1),The Genesis Invitational,R. McIlroy,1800000
tzentner (1),AT&T Pebble Beach Pro-Am,R. Henley,235000
tzentner (1),WM Phoenix Open,M. McNealy,188000
tzentner (1),Masters Tournament,J. Rahm,112500
tzentner (1),Valero Texas Open,S. Straka,-50000
tzentner (1),Texas Children's Houston Open,S. Burns,96525
tzentner (1),Valspar Championship,C. Conners,161525
westover (1),The Players Championship,J. Knapp,-55556
westover (1),Arnold Palmer Invitational presented by Mastercard,C. Young,1200000
westover (1),Cognizant Classic,R. Gerard,77600
westover (1),The Genesis Invitational,H. Matsuyama,136500
westover (1),AT&T Pebble Beach Pro-Am,T. Fleetwood,877500
westover (1),WM Phoenix Open,C. Gotterup,1728000
westover (1),Masters Tournament,S. Scheffler,2700000
westover (1),Valero Texas Open,M. McNealy,95550
westover (1),Texas Children's Houston Open,H. English,96525
westover (1),Valspar Championship,B. Griffin,-50000
Whale20c19b39 (1),The Players Championship,C. Morikawa,0
Whale20c19b39 (1),Arnold Palmer Invitational presented by Mastercard,L. Aberg,1200000
Whale20c19b39 (1),Cognizant Classic,B. Koepka,252000
Whale20c19b39 (1),The Genesis Invitational,P. Cantlay,92250
Whale20c19b39 (1),AT&T Pebble Beach Pro-Am,R. McIlroy,342750
Whale20c19b39 (1),WM Phoenix Open,D. Berger,160800
Whale20c19b39 (1),Masters Tournament,S. Scheffler,2700000
Whale20c19b39 (1),Valero Texas Open,R. MacIntyre,741533
Whale20c19b39 (1),Texas Children's Houston Open,W. Clark,-50000
Whale20c19b39 (1),Valspar Championship,J. Thomas,51142
wsmithuva (1),The Players Championship,C. Young,5000000
wsmithuva (1),Arnold Palmer Invitational presented by Mastercard,C. Morikawa,840000
wsmithuva (1),Cognizant Classic,M. McGreevy,31776
wsmithuva (1),The Genesis Invitational,S. Scheffler,415000
wsmithuva (1),AT&T Pebble Beach Pro-Am,J. Rose,78375
wsmithuva (1),WM Phoenix Open,S. Woo Kim,439680
wsmithuva (1),Masters Tournament,L. Aberg,280000
wsmithuva (1),Valero Texas Open,S. Straka,-50000
wsmithuva (1),Texas Children's Houston Open,C. Gotterup,322988
wsmithuva (1),Valspar Championship,J. Bridgeman,161525